29.002,1,25,16777215,1608802121,0,61bf33a1,42813330164285447,神曲
117.56,1,25,16777215,1608797601,0,cb89729d,42810960351068167,手
80.6,1,25,16777215,1608797564,0,cb89729d,42810940988588035,好
18.991,1,25,16777215,1608787591,0,f667d393,42805712075620355,这首歌在我的歌单里啊！
5.274,1,25,16777215,1608737698,0,115f27bf,42779553588838405,PPT之神
68.828,1,25,16777215,1608736833,0,bddac253,42779100585656327,好
19.06,1,25,16777215,1608733193,0,a743b16f,42777191926726663,1284
10.662,4,25,15138834,1608728149,0,64fc87d8,42774547292225541,感觉我不会再快乐了
8.622,4,25,15138834,1608728134,0,64fc87d8,42774539566317571,草莓味的鸡米花
7.382,4,25,15138834,1608728124,0,64fc87d8,42774534402605061,集美门啊
6.262,4,25,15138834,1608728116,0,64fc87d8,42774529965555719,亚纶
5.502,4,25,15138834,1608728107,0,64fc87d8,42774525353394183,果面啊
4.102,4,25,15138834,1608728091,0,64fc87d8,42774517135179779,火龙果
0.0,4,25,15138834,1608728071,0,64fc87d8,42774506660429829,火龙果
3.382,4,25,15138834,1608728064,0,64fc87d8,42774502878216195,milk
1.902,4,25,15138834,1608728056,0,64fc87d8,42774498715893765,草莓
80.8,1,25,16777215,1608690272,0,d7858370,42754689023868935,手
80.437,1,25,16777215,1608635205,0,8beee13d,42725818163527683,手
75.596,1,25,16777215,1608632285,0,60e019dd,42724287246761991,好
6.468,1,25,16777215,1608620572,0,105a60da,42718146070052867,上头
10.182,1,25,16777215,1608566507,0,829b7148,42689800452440069,神话贺电！！！
88.285,1,25,16777215,1608558445,0,5a6c5a2c,42685573626331141,ヽ(；▽；)ノ
70.405,1,25,16777215,1608558369,0,5a6c5a2c,42685533640458245,ヾ(✿ﾟ▽ﾟ)ノ
82.222,1,25,16777215,1608555487,0,ffcdd1aa,42684022967500803,~\(≧▽≦)/~
8.821,1,25,16777215,1608545373,0,235cd37,42678720230064135,神话
14.887,1,25,16777215,1608479728,0,2765f573,42644303136686083,震动。。。
4.5,1,25,16777215,1608475739,0,ff06e2c4,42642211690512387,普通
117.239,5,25,16707842,1608465772,0,5cb8cd34,42636986531971079,(*'▽'*)♪
80.507,1,25,16777215,1608465736,0,5cb8cd34,42636967362428995,手
70.762,1,25,16777215,1608454066,0,52a5679c,42630848835485703,手  手
74.899,1,25,16777215,1608441218,0,f97cac29,42624112989831171,好
163.81,1,25,6737151,1608434732,0,69b15e74,42620712415395845,ohhhhhhhhhh
93.665,1,25,6737151,1608434662,0,69b15e74,42620675641835523,好 手 手 手 手 手
69.398,1,25,6737151,1608434636,0,69b15e74,42620662032891911,好像有48个普通��滑稽】
24.301,1,25,6737151,1608434496,0,69b15e74,42620588492587015,神话贺电！！
69.099,1,25,15138834,1608431318,0,1b66e628,42618922442686469,手手!
19.006,1,25,15138834,1608419908,0,7b044df3,42612940472844295,2020年再来回味，DNA不自觉地动了起来
36.957,1,25,16777215,1608411888,0,48ac8d33,42608735518982149,
86.819,1,25,16777215,1608397584,0,7336f1b4,42601236103954437,拜
85.871,1,25,16777215,1608396383,0,11e2fef5,42600606433542149,手手
77.103,1,25,16777215,1608393917,0,4c87b059,42599313626890243,手
75.024,1,25,41194,1608388823,0,31831203,42596642587148293,1200w贺电！教主永远滴神！
84.986,1,25,16777215,1608388785,0,c43eaebd,42596622811529219,*⸜( •ᴗ• )⸝*
159.641,1,25,16777215,1608386123,0,2fe38ad7,42595227243380739,k.
20.84,1,25,16777215,1608379362,0,1a359c5,42591682747170821,1281.6万贺电
75.28,1,25,16777215,1608367640,0,4c8274ff,42585537072594949,好！
70.78,1,25,16777215,1608367636,0,4c8274ff,42585534585896967,手
71.464,1,25,16777215,1608346306,0,99c2ec10,42574351428485125,手手
80.362,1,25,16777215,1608344549,0,7339dc,42573430772465671,半句不离普通
74.262,1,25,16777215,1608334110,0,779aced7,42567957288058885,手头手
200.315,1,25,16777215,1608302912,0,10994d2c,42551600594026501,下意识想点赞发现早已点过
91.43,1,25,16777215,1608302803,0,10994d2c,42551543653203975,停不下来的晃头
80.66,1,25,16777215,1608297158,0,48599311,42548584210497543,手
70.902,1,25,16777215,1608287125,0,3e1e2a3e,42543323670904839,好
18.951,1,25,16777215,1608276536,0,2a373d7f,42537771913445379,镇站之宝！
0.36,1,25,16777215,1608276513,0,2a373d7f,42537759834898437,chong!
196.245,1,25,16777215,1608205555,0,bf79ad0d,42500557458374663,谱痛
183.847,1,25,16777215,1608205536,0,bf79ad0d,42500547473309701,嗷嗷嗷嗷嗷嗷嗷
80.344,1,25,16777215,1608205432,0,bf79ad0d,42500493156024325,举手
135.766,1,25,16777215,1608194928,0,d737cd3a,42494985849274373,普通
85.004,1,25,16777215,1608180997,0,113df0f2,42487682256338949,双手
3.76,5,25,16646914,1608178248,0,45940ef0,42486240850739205,神话贺电
116.222,1,25,16777215,1608135317,0,35123379,42463732799373317,脚✖️2
85.742,1,25,16777215,1608135287,0,35123379,42463716786044933,脚
199.408,1,25,16707842,1608108472,0,a48e0dbe,42449658075152387,四年年了呜呜呜我还是沙雕
74.196,1,25,16777215,1608058296,0,cea72688,42423351422484485,手手
70.638,1,25,16765698,1608050212,0,d9c8a770,42419113370320903,OH YEAH！！！
67.719,1,25,16777215,1608046148,0,75047f6c,42416982212476931,让我看到你们的猪手！
21.645,5,25,15138834,1608040536,0,3f305980,42414040080711683,大学毕业找回了高中���曲子
115.86,1,25,16777215,1608040388,0,b6d4ce0,42413962632364039,  神       
54.901,1,25,16777215,1608037223,0,412cdf3d,42412303147597829,
104.193,1,25,16777215,1607971203,0,69dd5732,42377689470861319,爪
101.83,1,25,16777215,1607962907,0,f5164e10,42373340466774021,O(∩_∩)O
150.435,1,25,16777215,1607943661,0,4f38a463,42363249714266115,完了已经停不下来了
87.474,1,25,16777215,1607936566,0,9285c12a,42359529790767107,千万助攻~~~~~~~~~~~~~~~~~~~~~~~~~~
181.018,1,25,16777215,1607922323,0,6a875cb5,42352062429659139,果然是PPT
71.359,1,25,16777215,1607865161,0,85e89971,42322093038632963,手！
169.619,1,25,16777215,1607862669,0,2a619cf1,42320786808635397,这两个字念什么来着?
145.14,1,25,16777215,1607862610,0,2a619cf1,42320755758727173,千万别听这首歌，我怕你心电图不正常
201.363,1,25,16777215,1607862440,0,60a23a05,42320666790199299,五���了好快
70.93,1,25,16777215,1607859137,0,1551ac40,42318934795878405,好！\(≧▽≦)/~
93.42,1,25,16777215,1607853609,0,c8519f4c,42316036755161091,满屏幕的手
18.622,1,25,41194,1607853531,0,142dfcbb,42315995926757383,贺电
68.077,1,25,16777215,1607844949,0,58244895,42311496218181635,ฅ（0_0）ฅ
11.5,1,25,16777215,1607834166,0,78d187f1,42305842995265539,1200w贺电
74.558,1,25,16777215,1607791568,0,97df201c,42283509447393287,好
68.66,1,25,16777215,1607790255,0,8c939049,42282820762075143,好
76.943,1,25,16777215,1607771326,0,1276ace9,42272896528154631,手
137.42,1,25,16777215,1607758800,0,cf1ff8aa,42266329133088773,普通的上班族
72.1,1,25,16777215,1607758725,0,cf1ff8aa,42266290047942663,\(^o^)/
144.09,5,25,9033215,1607755485,0,638f62a5,42264591293480965,有普通的热情在普通地尖叫
138.762,5,25,9033215,1607755457,0,638f62a5,42264576475529223,我普通的心在扑通扑通的跳
131.285,5,25,9033215,1607755420,0,638f62a5,42264557298647043,在普通的动次打次中普通的燃烧
122.18,4,25,9033215,1607755385,0,638f62a5,42264538685898757,旁边普通的路人在普通的瞧
93.28,1,25,16777215,1607750206,0,bf619b,42261823480659973,(*≧▽≦)ﾉｼ))
22.701,1,25,16777215,1607745279,0,fae2e8f5,42259240588410887,抖腿开始
89.618,1,25,16777215,1607737685,0,46871617,42255259226603527,手
72.43,1,25,16777215,1607736736,0,1675971d,42254761350660101,手手
76.712,1,25,16777215,1607712494,0,cc45f27d,42242051887071237,٩(๑^o^๑)۶
84.155,1,25,16777215,1607705542,0,5d58df23,42238407025360903,手
41.233,1,25,16777215,1607705493,0,5d58df23,42238381011763207,普通
76.08,1,25,16777215,1607702485,0,1288cd50,42236804027383813,*⸜( •ᴗ• )⸝*
69.48,1,25,16777215,1607702468,0,1288cd50,42236795247132677,��！！！
168.939,1,25,38979,1607693358,0,afe96a1f,42232018796806147,是上天
112.428,1,25,15138834,1607692342,0,ea534268,42231486328864771,真好听
27.342,1,25,16777215,1607690106,0,51ff770b,42230314054451203,闪电五连鞭时代降临
74.219,1,25,16777215,1607656786,0,33987a5c,42212844745261063,手
173.539,1,25,16777215,1607622156,0,fb255edf,42194688561119235,卧槽PPT
80.257,1,25,16777215,1607615477,0,f896e8e9,42191186781274119,手
71.446,1,25,16777215,1607605041,0,15bfd60b,42185715415515141,ʕ๑•ɷ•๑ʔ❀
95.155,1,25,16777215,1607603159,0,b59412e1,42184728476909571,⎛⎝≥⏝⏝≤⎠⎞     ⎛⎝≥⏝⏝≤⎠⎞    ⎛⎝≥⏝⏝≤⎠⎞    ⎛⎝≥⏝⏝≤⎠⎞    ⎛⎝≥⏝⏝≤⎠⎞   ⎛⎝≥⏝⏝≤⎠⎞
80.927,1,25,16777215,1607598282,0,877fb739,42182171587772419,手手手
73.427,1,25,16777215,1607598274,0,877fb739,42182167543939077,手
69.428,1,25,16777215,1607598270,0,877fb739,42182165444165639,好
76.968,1,25,16777215,1607596425,0,4c8274ff,42181197984432135,手
75.499,1,25,16777215,1607522265,0,5bc8d0f5,42142317112459267,好！！！！！！！！
34.008,1,25,16777215,1607513273,0,cbc65b2a,42137602606235651,这字幕这画面太敷衍了把
75.08,1,25,9033215,1607475671,0,5b5215a3,42117888429522947,233333
106.42,1,25,16777215,1607451492,0,81d5962e,42105211272560645,~\(≧▽≦)/~
85.672,1,25,16777215,1607451471,0,81d5962e,42105200425041927,ヾ(❀╹◡╹)ﾉ~
38.824,1,25,16777215,1607428128,0,33396277,42092961867497475,这是一首普通的镇站神曲
134.463,5,25,41194,1607426331,0,6d206792,42092020001406979,普通
75.327,5,25,41194,1607426268,0,6d206792,42091986889998339,手+手
69.78,5,25,41194,1607426237,0,6d206792,42091970553184261,好！！！
10.132,5,25,41194,1607426166,0,6d206792,42091933482352645,普通
34.467,1,25,16777215,1607424356,0,27183905,42090984582938631,我来考古了
73.99,1,25,16777215,1607421456,0,c5913366,42089464068571141,𢪒
69.079,1,25,16777215,1607404511,0,cc8fa922,42080579805511685,爪
73.3,1,25,16777215,1607347795,0,8ce5f374,42050844142075907,手
90.619,1,25,16777215,1607346056,0,5ad19bed,42049932584026117,手 手                               手
72.526,1,25,16777215,1607345683,0,1c1f8f27,42049737189752835,好！
72.295,5,25,41194,1607337439,0,2472144c,42045414750814213,\^O^/●︿●\^O^/
76.018,1,25,16777215,1607337418,0,2472144c,42045403731329031,\^O^/~‵O‵~●︿●
74.129,1,25,16777215,1607323512,0,dec9a3af,42038113223573511,功能键：洗脑循环~~
105.179,1,25,16777215,1607308368,0,29083136,42030173018652675,我是个普通的不能再普通的人我已经接受了现实
17.874,1,25,16777215,1607304822,0,cea4ef50,42028314066419719,���断头之歌
111.339,1,25,16777215,1607276877,0,4d477e6a,42013663162793991,(￣▽￣)~*
189.739,1,25,16777215,1607267158,0,cea4ef50,42008567501291523,有毒。。。
174.369,1,25,16777215,1607264335,0,1370afda,42007087224979461,逐渐洗脑
160.013,1,25,16777215,1607264321,0,1370afda,42007079685718021,脑子里只剩普通
130.703,1,25,16777215,1607264291,0,1370afda,42007064317263877,夜店disco
74.072,1,25,16777215,1607264235,0,1370afda,42007034630504453,挥舞起来
66.396,1,25,16777215,1607264227,0,1370afda,42007030612361221,重新定义普通
39.083,1,25,16777215,1607264200,0,1370afda,42007016296153093,开幕雷击
156.568,1,25,16777215,1607261541,0,c49e949b,42005622402580485,╭（′▽‵）╭（′▽‵）╭（′▽‵）╯嗨森 
139.424,1,25,16777215,1607261524,0,c49e949b,42005613507510279,٩( ๑╹ ꇴ╹)۶
27.87,1,25,16646914,1607259002,0,8d450642,42004290991030277,普通的我
90.088,1,25,16777215,1607231947,0,2a313896,41990106748289029,*⸜( •ᴗ• )⸝**⸜( •ᴗ• )⸝**⸜( •ᴗ• )⸝**⸜( •ᴗ• )⸝**⸜( •ᴗ• )⸝**⸜( •ᴗ• )⸝**⸜( •ᴗ• )⸝**⸜( •ᴗ• )⸝**⸜( •ᴗ• )⸝*
131.55,4,18,14811775,1607231933,0,f985dbb1,41990099174424581,普通*35
63.07,1,25,16777215,1607231852,0,f985dbb1,41990057094021125,普通*15
90.331,1,25,16777215,1607185115,0,df3d66cd,41965553204068355,爪
80.432,1,25,16777215,1607183564,0,30b49901,41964739953688579,动次打次
9.402,1,25,16777215,1607175122,0,b256a70a,41960313914916869,震动
8.368,5,25,41194,1607174420,0,86179748,41959945887285255,神话！！
70.139,1,25,16777215,1607169459,0,b88f7f2b,41957344808534019,手
78.47,1,25,9033215,1607150160,0,c2fcd6e0,41947226738524163,手
78.103,5,25,16777215,1607148300,0,f86741dc,41946251343691779,然后普通地再���亿次
43.788,1,25,16777215,1607141825,0,a8a49ed4,41942856784936963,妈耶抖脚了
78.996,1,25,16777215,1607131855,0,e2ec6854,41937629818126341,手
70.997,1,25,16777215,1607100965,0,5043aca3,41921434624720899,好
145.853,5,25,9599289,1607098707,0,6151c811,41920250433765383,我普通的腿普通地抖断了
96.75,1,25,16777215,1607093291,0,b2bbe1ae,41917410915647493,Y(^_^)Y
79.124,1,25,16777215,1607090783,0,3921f711,41916096013402119,手
72.781,1,25,16777215,1607090777,0,3921f711,41916092708814853,好
20.697,1,25,15138834,1607088857,0,be69bafd,41915086033911815,普通的三连
97.373,1,25,41194,1607087560,0,94038471,41914406518390787,1300万冲啊！
10.893,1,25,16646914,1607086046,0,117a4f85,41913612666667013,呦呦呦
29.236,1,25,16777215,1607081779,0,2f600ecf,41911375408660485,镇站神曲啊
182.341,1,25,16777215,1607059207,0,dff6405e,41899541389639683,普通��尖叫最后普通的冲上了普通的云霄了吗
44.54,1,25,16777215,1607008603,0,de27370,41873009877188611,2020前来打卡
187.38,1,25,16777215,1607007234,0,34112168,41872292284727299,兄弟们，55个普通，不用谢，我姓雷
84.326,1,25,16777215,1607001459,0,2065033c,41869264676192259,手手
19.66,1,25,16777215,1607001330,0,75e78aa,41869196956008451,普通
78.74,1,25,16777215,1606995727,0,b774310e,41866259407568899,手
72.339,1,25,16777215,1606995716,0,b774310e,41866253726384135,好
12.899,1,25,16777215,1606995653,0,b774310e,41866220815253511,再来亿遍
177.339,1,25,16777215,1606992456,0,b977ba9e,41864544330448903,才三分半？
71.403,1,25,16777215,1606990221,0,1b6dc76b,41863372500107267,手！
77.228,1,25,16777215,1606957579,0,fc1fea5b,41846258798690311,好耶
98.48,1,25,16777215,1606919805,0,4dbc2618,41826454252027909,1121
86.02,1,25,16777215,1606919788,0,4dbc2618,41826445389987843,啦啦啦
76.74,1,25,16777215,1606919776,0,4dbc2618,41826438907166723,好
65.037,4,25,6737151,1606917148,0,447c5d43,41825061366661127,好！
75.991,1,25,16777215,1606895636,0,f33b0ecd,41813782704422917,双手
127.958,4,25,6737151,1606893546,0,8465000,41812686832926723,燃烧
104.511,1,25,6737151,1606893522,0,8465000,41812674543091719,(*^▽^*)
80.97,1,25,16777215,1606886698,0,64de8861,41809096574763015,\｜
18.953,1,25,16777215,1606870181,0,de3f8daa,41800436853243907,1300万助攻
23.007,1,25,16777215,1606866339,0,bba40da4,41798422990684163,1273
186.742,1,25,16777215,1606835044,0,34112168,41782015411879943,54个
88.982,1,25,16777215,1606824910,0,d4b9bbae,41776702142545923,手
78.872,1,25,16777215,1606824900,0,d4b9bbae,41776696836751365,好
75.489,1,25,16777215,1606823631,0,13037624,41776031301369863,\(>  o  <)/
100.553,1,25,16777215,1606814602,0,eb3c8a94,41771297757200391,上头
78.074,1,25,16777215,1606809771,0,52f28d8e,41768765070770179,手
91.0,1,25,16777215,1606805445,0,17edd578,41766496739262467,手
76.417,1,25,16777215,1606805430,0,17edd578,41766489096192003,好
72.161,1,25,16777215,1606742003,0,c089bd85,41733234896666627,手  我    手
79.259,1,25,16777215,1606731299,0,dafa1d54,41727622828261381,双手
67.953,1,25,41194,1606719434,0,290e95c9,41721402143277061,好！
112.013,1,25,16777215,1606643941,0,e03ef0b2,41681822281105413,＼(☆o☆)／
73.727,1,25,16777215,1606643872,0,e03ef0b2,41681786200129541,手
79.811,1,25,16777215,1606643849,0,e03ef0b2,41681773987364869,手机号
73.897,1,25,16777215,1606639992,0,f04434b4,41679751655981059,好
80.677,1,25,16777215,1606632729,0,883da5f,41675944108228611,好
43.354,1,25,16777215,1606627480,0,19da348a,41673192117895175,耗子尾汁时代考古
74.37,1,25,16777215,1606624259,0,f1f1300e,41671503280865287,~\(≧▽≦)/~
87.279,4,25,16707842,1606624144,0,7f9ef465,41671442881839107,普通的我普通的用普通的手机普通地看着普通的视频
116.917,1,25,16777215,1606621003,0,eb67802,41669795811164165,耳朵已经炸了。
81.532,1,25,16777215,1606620967,0,eb67802,41669777260281861,上头。
59.593,1,25,16777215,1606620945,0,eb67802,41669765789908995,真——普通
100.579,1,25,8700107,1606614399,0,30c4d3e7,41666333641277443,手
193.322,1,25,16777215,1606608891,0,7c4b62ef,41663446091038723,[]~(￣▽￣)~*[]~(￣▽￣)~*[]~(￣▽￣)~*[]~(￣▽￣)~*[]~(￣▽￣)~*[]~(￣▽￣)~*
41.703,1,25,16777215,1606580437,0,6094a830,41648527582953475,为什么我的腿会抖啊
90.022,1,25,16777215,1606575411,0,a2e8f522,41645892773085191,手手
80.791,1,25,16777215,1606560619,0,82c73a8a,41638137525960711,爪子
79.187,1,25,16777215,1606559003,0,cd87adec,41637290391371783,手
45.804,1,25,16777215,1606542027,0,4ac251b6,41628389918376007,高音预警
36.089,1,25,16777215,1606542017,0,4ac251b6,41628384838549507,高音预警
45.68,1,25,16777215,1606541992,0,4ac251b6,41628371678396421,高音预警
128.881,1,25,41194,1606528024,0,969403df,41621048395825155,ヾﾉ≧∀≦)o
83.043,1,25,16777215,1606497028,0,4b32d0a5,41604797184868355,手
147.583,1,25,16777215,1606484092,0,f0fe6276,41598015386943491,1.25杀我
155.912,1,25,13369971,1606481147,0,b20499a5,41596471231381507,fffffffffffffffffffffffffffffffffffffffffffffffffff
77.323,1,25,16777215,1606480680,0,f9c48d01,41596226552987653,好
71.699,1,25,16777215,1606468601,0,9bd4c3a4,41589893693440007,普通的好
93.42,1,25,16777215,1606452850,0,af2c63ac,41581635391979523,*⸜( •ᴗ• )⸝*
78.461,1,25,16777215,1606378839,0,d0167e1e,41542832310714375,手手
57.693,1,25,16777215,1606374159,0,eec2621b,41540378725187589,对不起 我又摇起来了
29.671,1,25,16777215,1606367119,0,8a61f77f,41536687638052871,考古
83.684,1,25,16777215,1606356752,0,3440aef1,41531252426145799,双手
29.618,1,25,16777215,1606308260,0,f34b75eb,41505828720082949,神话贺电
72.806,1,25,16777215,1606276188,0,e8173828,41489013860204551,手   手
48.042,1,25,16777215,1606236699,0,b8c14670,41468309823553541,。。害怕
78.569,5,25,16707842,1606234082,0,b1de1f51,41466937824247811,ฅฅฅฅฅฅฅฅฅฅฅฅฅฅฅฅฅฅฅฅฅฅฅฅฅฅฅฅฅฅฅฅฅฅฅฅฅฅฅฅฅฅฅฅฅฅฅฅฅฅฅฅฅฅฅฅฅฅฅฅฅฅฅฅฅฅฅฅฅฅฅฅฅฅฅฅฅฅฅฅฅฅฅฅฅฅฅฅฅฅฅฅฅฅฅฅฅฅฅฅ
185.665,4,25,16777215,1606229343,0,ede8514e,41464453451481091,普通的计数君：普���x55
75.479,1,25,16777215,1606202865,0,88b77fd8,41450571116314629,双手
81.757,1,25,16777215,1606148253,0,7b8c0009,41421938996281347,手
71.002,1,25,16777215,1606148242,0,7b8c0009,41421933368573957,好好好
15.351,1,25,16777215,1606148187,0,7b8c0009,41421904184082437,梦的开始
84.299,1,25,16777215,1606110911,0,8108937b,41402360819351557,手
159.701,1,25,16777215,1606095161,0,18e267e0,41394103584292869,单曲循环
95.65,1,25,16777215,1606062772,0,ffb473b9,41377122239381509,ヾ(❀╹◡╹)ﾉ~
69.464,1,25,16777215,1606055771,0,b1344459,41373451870011395,手
79.496,1,25,16777215,1606055732,0,90dfc935,41373431156965379,好
160.98,1,25,16777215,1606053809,0,bdf410d6,41372423233208327,ooooooh
122.236,1,25,16777215,1606053770,0,da83fc30,41372402440994819,2020年11月22日
98.303,1,25,16777215,1606053746,0,da83fc30,41372389846548485,双手
91.168,1,25,16777215,1606053739,0,da83fc30,41372386117812227,手
38.176,1,25,16777215,1606035639,0,642959e2,41362896841080835,马保国时代来考古
75.717,1,25,16777215,1606033055,0,503fb67d,41361541869600773,手
80.005,1,25,16777215,1606029391,0,7348ffc2,41359620855300101,\(*^▽^*)/
46.812,1,25,16777215,1605984221,0,bee50a05,41335938866479109,耗子尾汁前来考古
17.493,1,25,16777215,1605975934,0,85020c1d,41331594308354051,经典老歌
90.41,1,25,16777215,1605969780,0,aba89348,41328367737765893,手
47.856,1,25,9033215,1605966586,0,5a5cdcd9,41326693102125063,言和言和!
30.505,1,25,16777215,1605966569,0,5a5cdcd9,41326684003106823,言和言和!!
157.135,1,25,16777215,1605964558,0,18e267e0,41325629594927111,摇
138.514,1,25,16777215,1605964539,0,18e267e0,41325619826393093,这个歌真上头
160.559,1,25,16777215,1605964207,0,8f3f5f2b,41325445656346627,摇摇摇
74.776,1,25,15138834,1605963655,0,bebf1f6,41325156201136131,手
91.733,1,25,16777215,1605962218,0,9402726a,41324403216089095,o(*￣︶￣*)o
13.998,1,25,16777215,1605959069,0,84c7405e,41322752236847109,1267.6
70.91,1,25,15138834,1605946565,0,20c0827f,41316196118691847,\(//∇//)\\(//∇//)\\(//∇//)\\(//∇//)\\(//∇//)\
28.685,1,25,16777215,1605941967,0,9ff9895f,41313785734496263,~~~~~~~~~~
129.058,1,25,16777215,1605938578,0,b002602e,41312008695447557,(((*°▽°*)八(*°▽°*)))♪
67.74,1,25,16777215,1605925283,0,4ea8563b,41305038190542851,好！！！！！
162.581,1,25,6737151,1605921357,0,f3b18b91,41302980217536517,上头
148.4,4,25,16740868,1605886177,0,65d4a1e0,41284535638294531,打橘为重
125.575,4,25,16740868,1605886154,0,65d4a1e0,41284523688198151,大局为重
138.588,1,25,16777215,1605883027,0,cf580977,41282884299390983,普通…
175.587,1,25,16777215,1605879108,0,4b857bfd,41280829629923335,尖叫尖叫
106.384,1,25,16777215,1605879039,0,4b857bfd,41280793274744837,左手右手一个慢动作
53.259,1,25,16777215,1605876317,0,f21ac0e9,41279366067388421,5406.6
34.46,1,25,16777215,1605875026,0,ede8514e,41278689365721093,发一条普通的弹幕
3.838,1,25,16777215,1605872780,0,326e125d,41277511948566531,镇站之宝
81.79,1,25,16777215,1605870685,0,fc607ae6,41276413566779399,手
76.875,1,25,16777215,1605870682,0,fc607ae6,41276411481161731,好
76.287,1,25,16777215,1605870461,0,7d3e0e9b,41276296071741447,好！
17.251,1,25,16777215,1605859002,0,ce998f64,41270288080437251,啊啊啊啊啊啊啊啊啊
77.782,1,25,15138834,1605845369,0,db0129ad,41263140268146695,手
70.462,1,25,15138834,1605845355,0,db0129ad,41263133248454661,好
50.13,1,25,16777215,1605801142,0,5cf9cc7e,41239952631529479,这。。
42.088,1,25,16777215,1605801134,0,5cf9cc7e,41239948437749763,害怕害怕
81.78,1,25,16777215,1605801089,0,71c7a4c8,41239924729446403,手
73.04,1,25,16707842,1605798577,0,94bd304e,41238608044621829,爪子在这
146.186,1,25,16777215,1605794789,0,e9249d2b,41236621808369667,(/≧▽≦/)
131.185,1,25,16777215,1605794774,0,e9249d2b,41236613963448325,（＾＿−）
81.243,1,25,16777215,1605790734,0,214cc0eb,41234495853035523,lol
5.317,1,25,16777215,1605790365,0,5d445c6f,41234302262837253,节奏带感
86.461,1,25,16777215,1605789196,0,82868602,41233689554190343,好
76.715,5,25,9599289,1605785179,0,4008c263,41231583315755011,吉良看了都说好
182.908,1,25,16777215,1605712883,0,6c19c536,41193679857123333,太上头了
17.34,1,25,15138834,1605704842,0,95c1432c,41189463836065795,考古的你们就活了不到6年吗？
13.741,1,25,16777215,1605703421,0,5d445c6f,41188718965948421,太强了！
50.523,1,25,16777215,1605687473,0,910f6b8f,41180357290622983,哇，金色神话
76.459,1,25,16777215,1605686542,0,6491bc9c,41179869407608835,手
72.22,1,25,16777215,1605686532,0,6491bc9c,41179864166825989,好
63.634,1,25,16777215,1605678776,0,9d0dbfae,41175797569945607,⎛⎝≥⏝⏝≤⎠⎞     ⎛⎝≥⏝⏝≤⎠⎞
30.562,1,25,16777215,1605629030,0,55b1524f,41149716675166211,重温
67.56,1,25,16777215,1605619351,0,f433d1ae,41144641866694663,马保国时代前来考古
150.551,5,25,16777215,1605612351,0,1fec3ca4,41140971709661187,前！方！高！能！预！警！
67.817,4,25,15138834,1605605824,0,cf966282,41137549876920325,让我砍掉你们的双手～
9.979,1,25,16777215,1605605515,0,591de07f,41137387799052293,考古
94.603,1,25,16777215,1605586708,0,a412e259,41127527721205763,洛殿
25.251,1,25,16777215,1605540987,0,bb05cc0a,41103556619534341,2020考古
172.945,1,25,16777215,1605526535,0,4a9e28a9,41095979657592835,拜振华时代还有人？？
25.069,1,25,16777215,1605503808,0,4a98a273,41084063907840003,马保国时代前来考古
74.497,1,25,16776960,1605500975,0,d5a3c918,41082579023036423,好
76.207,1,25,16777215,1605454635,0,8b6a3c69,41058283438473221,好！举爪子！！！
6.468,1,25,16777215,1605454362,0,5d445c6f,41058140402221063,抖腿中
0.291,1,25,16777215,1605454345,0,5d445c6f,41058131324174341,再来亿遍
0.739,1,25,16777215,1605454283,0,5d445c6f,41058098745966599,再来亿遍
6.073,1,25,16777215,1605453809,0,5d445c6f,41057850015350789,抖腿中
1.0,1,25,16777215,1605451829,0,5d445c6f,41056812144787461,再来亿遍
179.775,1,25,15138834,1605451685,0,df34b50a,41056736707608581,*･゜ﾟ･*:.｡..｡.:*･'(*ﾟ▽ﾟ*)'･*:.｡. .｡.:*･゜ﾟ･**･゜ﾟ･*:.｡..｡.:*･'(*ﾟ▽ﾟ*)'･*:.｡. .｡.:*･゜ﾟ･*
89.098,1,25,16777215,1605445125,0,16c907b3,41053297604820999,＼\ ٩( ᐛ )و /／ ＼\ ٩( ᐛ )و /／ ＼\ ٩( ᐛ )و /／
91.16,1,25,16777215,1605430646,0,7d6f0f27,41045706184065027,٩(๑^o^๑)۶
79.606,1,25,16777215,1605430635,0,7d6f0f27,41045700185161735,ヾ(✿ﾟ▽ﾟ)ノ
73.736,1,25,16777215,1605430426,0,43f3d50b,41045590576988165,o(*^▽^*)┛
70.557,1,25,16777215,1605420167,0,54395867,41040212147044355,ヽ(≧∀≦)ﾉ
70.557,1,25,16777215,1605420096,0,54395867,41040174986559491,好！
70.557,1,25,16777215,1605420081,0,54395867,41040166979108871,好1
17.902,1,25,16777215,1605418168,0,2314231f,41039163940143109,嘟嘟嘟嘟
81.455,1,25,16777215,1605402491,0,abf5a479,41030944713342981,手手
66.002,1,25,16777215,1605401489,0,80ad003d,41030419691339781,＼(☆o☆)／
62.702,1,25,16777215,1605401474,0,80ad003d,41030411765153795,looo
69.871,1,25,16777215,1605387590,0,8ff60bfb,41023132459335687,好！~嘶
82.533,1,25,16777215,1605377933,0,16fca274,41018069125431303,好的不行
79.256,1,25,16777215,1605364346,0,8e9da80c,41010946100953093,手手
165.714,1,25,16777215,1605359406,0,4b7c47bf,41008355832496131,果然是PPT吗
166.099,5,25,15138834,1605353687,0,cf966282,41005357684752391,兔斯基的经费在普通的燃烧
69.66,1,25,41194,1605338944,0,c566f9b9,40997627759689733,~\(≧▽≦)/~
68.315,1,25,16777215,1605325235,0,a377a773,40990440390393859,好！！！
6.737,1,25,16777215,1605325166,0,a377a773,40990404450975751,入坑神曲
74.273,1,25,16777215,1605324017,0,be2a3771,40989801725820935,O(∩_∩)O
66.645,1,25,6737151,1605322429,0,447c5d43,40988969079930887,好！!!！！
156.982,1,25,16777215,1605272032,0,2fad428b,40962546804457475,我快不认识“普通”这个词了
83.65,1,25,16777215,1605269147,0,31325af9,40961034017570821,手
78.352,1,25,16777215,1605266812,0,b26450a0,40959810174189573,手
150.622,1,25,41194,1605260450,0,b705dce8,40956474299514887,︿(￣︶￣)︿
70.742,1,25,41194,1605260347,0,b705dce8,40956420577820677,手
28.136,1,25,16777215,1605240285,0,dbe1c19b,40945902011547653,2020.11前来
1.722,4,25,14811775,1605228179,0,ae861791,40939555384721415,迫击炮过来的
48.32,1,25,4351678,1605201039,0,82f96545,40925325773766663,⎛⎝≥⏝⏝≤⎠⎞     ⎛⎝≥⏝⏝≤⎠⎞    ⎛⎝≥⏝⏝≤⎠⎞    ⎛⎝≥⏝⏝≤⎠⎞    ⎛⎝≥⏝⏝≤⎠⎞   ⎛⎝≥⏝⏝≤⎠⎞
28.694,1,25,16777215,1605201019,0,82f96545,40925315497197573,⎛⎝≥⏝⏝≤⎠⎞     ⎛⎝≥⏝⏝≤⎠⎞    ⎛⎝≥⏝⏝≤⎠⎞    ⎛⎝≥⏝⏝≤⎠⎞    ⎛⎝≥⏝⏝≤⎠⎞   ⎛⎝≥⏝⏝≤⎠⎞
24.699,1,25,16777215,1605198492,0,25ce69b6,40923990756687879,镇站之宝
84.539,1,25,16777215,1605197868,0,1bf2e86c,40923663249178631,手
5.4,1,25,16777215,1605192471,0,4b73893b,40920833616510981,66ccff
65.487,1,25,16777215,1605188578,0,4f87208a,40918792625717253,手！！
43.113,1,25,16777215,1605187992,0,717e6fff,40918485439610887,
161.708,1,25,16777215,1605184227,0,2c14fbe4,40916511635800067,洛天依赛高
40.019,5,25,15138834,1605183367,0,6a86cf0e,40916060716662787,15
24.42,1,25,16777215,1605183339,0,6a86cf0e,40916045895565315,14
25.398,1,25,16777215,1605180454,0,30cdb706,40914533366104071,五年了
67.468,1,25,16777215,1605180207,0,31fb43d5,40914404040507395,好～
77.038,1,25,16777215,1605179388,0,d5d3cc42,40913974747201541,手
32.731,1,25,16777215,1605179344,0,d5d3cc42,40913951510757381,1261万
89.334,1,25,16777215,1605163592,0,ab723ce5,40905692852781059,手手
71.549,1,25,16777215,1605163574,0,ab723ce5,40905683504201733,好
76.75,1,25,16777215,1605156950,0,b4d042d5,40902210619441159,zbc
43.534,1,25,16777215,1605156917,0,b4d042d5,40902193154883589,爱了
69.549,5,25,16776960,1605154546,0,7e1bd1c7,40900950424027139,大型蹦迪现场
71.024,1,25,16777215,1605106463,0,e843fb75,40875741098803203,手
82.234,1,25,16777215,1605097615,0,78bc54b5,40871101831577603,手
4.31,1,25,16777215,1605097257,0,daa4f728,40870914158493703,在这沙雕的一天，我穿着沙雕的鞋。
79.732,1,25,16777215,1605074500,0,ae861791,40858982909739011,手
76.552,1,25,16777215,1605072119,0,e45745c2,40857734874660867,芜湖
74.311,4,25,15138834,1605072047,0,cf966282,40857697173635077,拜振华时代观光团
23.115,1,25,16777215,1605021237,0,fdfbaa15,40831057975050245,我又回来了
81.151,1,25,16777215,1605020075,0,fbe5717c,40830448966303751,⎛⎝≥⏝⏝≤⎠⎞     ⎛⎝≥⏝⏝≤⎠⎞    ⎛⎝≥⏝⏝≤⎠⎞    ⎛⎝≥⏝⏝≤⎠⎞    ⎛⎝≥⏝⏝≤⎠⎞   ⎛⎝≥⏝⏝≤⎠⎞
76.446,1,25,16777215,1605019434,0,4f87208a,40830112672776199,手！
70.484,1,25,16777215,1605010726,0,b8bd57c7,40825546885038085,\(≧▽≦)/
70.948,1,25,16777215,1605010515,0,b8bd57c7,40825436501442565,╰(￣▽￣)╭
23.124,1,25,16777215,1605009560,0,b096d60b,40824935723040771,啊啊啊啊啊啊啊啊啊
80.435,1,25,16777215,1605009556,0,bdb78832,40824933700861957,太普通了
70.356,1,25,16777215,1605004698,0,8f170420,40822386803605507,Ｏ(≧∇≦)Ｏ
83.839,1,25,16777215,1604988098,0,bae25611,40813683443499015,双手在此
17.032,1,25,16777215,1604984157,0,71d5081e,40811617433157637,被汪皮裤翻唱233
94.516,1,25,16777215,1604964948,0,2c5e4da4,40801546063577095,爪
84.896,1,25,16777215,1604937245,0,b8bd57c7,40787022106853381,\(0^◇^0)/
17.083,1,25,16777215,1604934478,0,52a3f27f,40785571154493445,hhh
79.252,1,25,16777215,1604931002,0,686a8a78,40783748736745479,好
71.165,1,25,16777215,1604929929,0,81da8a63,40783186319376391,好
81.808,1,25,16777215,1604920556,0,ca8e0a1d,40778272105037827,手
15.986,1,25,16777215,1604915052,0,75c97d22,40775386167508997,梦开始的地方
173.162,1,25,16777215,1604902987,0,9e312f4d,40769060716675079,手手
49.675,1,25,16777215,1604901029,0,a16fdbfc,40768034365243399,逐渐和兔子同步
41.293,1,25,16777215,1604896299,0,e81db46a,40765554197790725,弹幕呢？
71.317,1,25,16777215,1604896100,0,9ff2a263,40765449909043203,手
7.029,1,25,16777215,1604893194,0,8e510787,40763926722904067,这节奏太普通了吧
78.232,1,25,16777215,1604882566,0,692ede48,40758354516115463,好！！！
83.584,1,25,16777215,1604846788,0,c02718a2,40739596582518787,都刷了这么多遍了还白嫖
57.187,1,25,16777215,1604846762,0,c02718a2,40739582718246915,冲击1260
13.716,1,25,16777215,1604846718,0,c02718a2,40739559927447557,冲击2000w
20.35,1,25,16777215,1604836802,0,4186a683,40734360721686531,居然已经五年了
93.34,1,25,16777215,1604823825,0,dab1bc49,40727557265948675,普通的考古我普通的白嫖
73.691,1,25,16777215,1604823658,0,5dfbb0b0,40727469376929795,手
142.69,1,25,10197915,1604817262,0,72f516e6,40724116122632199,普通
76.69,1,25,16777215,1604809736,0,45b9f7c2,40720170579656707,手！！！！
4.046,1,25,16777215,1604809245,0,910f6b8f,40719912822374407,暗黑五部曲以后
22.369,1,25,16777215,1604794282,0,5ed19823,40712067960799237,1258
92.427,1,25,16777215,1604768468,0,cbdf09ba,40698534187499527,手
95.475,1,25,16777215,1604758349,0,939f7099,40693229080805379,手
106.985,1,25,16777215,1604757691,0,5a2e6ae7,40692883912130567,普通的歌带给我们普通的快乐
172.417,1,25,16777215,1604757647,0,5a2e6ae7,40692860734406663,普通的歌带给我们普通的快乐
71.12,1,25,16777215,1604756721,0,7f197ea4,40692375521067011,好
84.017,1,25,16707842,1604755766,0,b1c9bb1e,40691874824978435,*⸜( •ᴗ• )⸝*
76.352,1,25,16707842,1604755747,0,b1c9bb1e,40691864706220039,嘿嘿
78.559,1,25,16777215,1604755500,0,94b1528,40691735028826117,猪蹄
95.55,4,25,15138834,1604747778,0,35848f90,40687686673498117, ጿ ኈ ቼ ዽ ጿ ኈ ጿ ኈ ቼ ዽ ጿ ኈ ጿ ኈ ቼ ዽ ጿ ኈ ጿ ኈ ቼ ዽ ጿ ኈ ጿ ኈ ቼ ዽ ጿ ኈ ጿ ኈ ቼ ዽ ጿ ኈ ጿ ኈ ቼ ዽ ጿ ኈ ጿ ኈ ቼ ዽ ጿ ኈ ጿ ኈ
197.032,1,25,16777215,1604741456,0,cff05511,40684371859472389,普通是啥意思啊，我已经忘记了
74.473,5,25,15138834,1604732739,0,64b3e74d,40679802107068423,上头
82.85,1,25,16777215,1604730188,0,e5964e26,40678464330137607,手
48.628,1,25,16777215,1604727490,0,a0dfd0d4,40677049897058311,鸡皮疙瘩起来了···
37.982,1,25,41194,1604721268,0,3ed5072f,40673787821162501,这普通的感觉
98.114,1,25,9033215,1604672550,0,c770420f,40648245435170821,双手
87.5,1,25,9033215,1604672539,0,c770420f,40648239884009479,好
67.899,1,25,16777215,1604663505,0,7c702e54,40643503523364867,好好好！
95.517,1,25,16777215,1604657282,0,41b30200,40640240856072195,o(*^▽^*)┛
83.186,1,25,16777215,1604657274,0,41b30200,40640236555862021,好古早~节奏可以~
177.728,1,25,16646914,1604656329,0,9659db87,40639740924395525,上头
146.04,1,25,16777215,1604656297,0,9659db87,40639724350603271,不知不觉就抖了起来
75.108,1,25,16777215,1604656226,0,9659db87,40639687167574087,上头
130.495,5,25,16646914,1604655509,0,f6949e94,40639311204319235,我普通的灵魂在普通的出窍
82.568,5,25,16646914,1604655461,0,f6949e94,40639286076768323,手  手
63.934,5,25,16646914,1604655443,0,f6949e94,40639276279398405,普通x14
17.938,5,25,16646914,1604655397,0,f6949e94,40639252167393285,抖腿神曲
38.634,5,25,15138834,1604649008,0,68908284,40635902846828547,真的普通
70.302,1,25,16777215,1604637139,0,e8e2a987,40629680003350535,好
158.996,1,25,16777215,1604590660,0,f4159ad,40605311407489027,从头到尾都在普通，已经快不认识普通这俩字了
130.265,1,25,16676948,1604567358,0,1c1deb21,40593094632013827,1
113.589,1,25,16667971,1604567341,0,1c1deb21,40593085904715781,手
11.686,5,25,15138834,1604548373,0,ab3def7c,40583140895883271,夜店神曲
37.316,1,25,16777215,1604534484,0,3775868c,40575859123290119,⎛⎝≥⏝⏝≤⎠⎞     ⎛⎝≥⏝⏝≤⎠⎞    ⎛⎝≥⏝⏝≤⎠⎞    ⎛⎝≥⏝⏝≤⎠⎞    ⎛⎝≥⏝⏝≤⎠⎞   ⎛⎝≥⏝⏝≤⎠⎞
188.342,1,25,16777215,1604531852,0,d1977d1e,40574479142748165,大局观
135.341,1,25,16777215,1604531799,0,d1977d1e,40574451360727047,电音之王
126.675,1,25,16777215,1604531790,0,d1977d1e,40574446802567175,嗨
73.232,1,25,16777215,1604531737,0,d1977d1e,40574418789335043,嗨
28.795,1,25,16777215,1604531692,0,d1977d1e,40574395493646339,弹幕太少
80.035,1,25,16777215,1604516838,0,11824f54,40566607796240389,芜湖
76.839,4,25,15138834,1604515461,0,5baef5de,40565885756768261,٩(๑^o^๑)۶
69.911,1,25,16777215,1604515357,0,5baef5de,40565831381811207,*⸜( •ᴗ• )⸝*
67.98,1,25,16777215,1604515260,0,5baef5de,40565780048773125,我也只是普通的嫖
79.408,1,25,16777215,1604510620,0,ba9b8efd,40563347337248771,我双手在打字呢
67.463,1,25,16777215,1604510608,0,ba9b8efd,40563341077774343,魔性！！！
8.216,1,25,16777215,1604506031,0,24b6482b,40560941375946757,梦开始的地方
74.717,1,25,16777215,1604499376,0,8632e129,40557452364611589,手手手手
68.506,1,25,16777215,1604499370,0,8632e129,40557449105637383,手手
75.457,1,25,16777215,1604470420,0,69a85487,40542271407915011,好
3.139,1,25,41194,1604452881,0,2c29c6de,40533075452493829,恭喜你发现了一首普通的歌，普通的视频，普通的歌手，以及一条普通的弹幕
75.085,1,25,15138834,1604419422,0,cddc6b1d,40515533329137669,ヽ(^0^)ﾉ
183.29,1,25,6737151,1604412763,0,4df3f4b2,40512042514776067,▄▅▆▇█▇▆▅▄▄▅▆▇█▇▆▅▄▄▅▆▇█▇▆▅▄▄▅▆▇█▇▆▅▄▄▅▆▇█▇▆▅▄▄▅▆▇█▇▆▅▄▄▅▆▇█▇▆▅▄▄▅▆▇█▇▆▅▄▄▅▆▇█▇▆▄▄▅▆▇█▇▆▅▄▄▅▆▇█▇▆▅▄
80.05,1,25,16777215,1604411407,0,c2d51086,40511331306045447,\(^一^)/
79.0,1,25,16777215,1604391909,0,767d704a,40501108608073735,双爪
94.24,1,25,16777215,1604333643,0,c5adc148,40470560808370181,手
69.259,1,25,16777215,1604328972,0,69d8d052,40468111838674949,2061考古
72.122,1,25,16777215,1604319903,0,290e95c9,40463356975906823,好！
177.512,1,25,16777215,1604308616,0,939d642d,40457439057281027,Awesome
153.121,1,25,16777215,1604299166,0,5279ffdf,40452484859166723,冲
72.744,1,25,16777215,1604287024,0,9a699c97,40446118636552197,(＾－＾)V
149.49,1,25,16777215,1604253261,0,9cd55da1,40428417125974021,(๑˙❥˙๑)
24.858,1,25,16740868,1604243594,0,b8bd57c7,40423348839645187,我已经认不得“普通”两字了
8.504,1,25,16646914,1604243590,0,57e6bfe7,40423346954829829,2020年11月1日考古
61.76,1,25,16777215,1604237829,0,fd97428e,40420326597722119,orz
21.411,1,25,16777215,1604237436,0,c0e8c095,40420120405737477,冲刷n遍
84.687,1,25,41194,1604229297,0,5152dc18,40415853437517827,(  ･᷄ὢ･᷅  )/
74.309,1,25,16777215,1604203842,0,e266ba1e,40402507524997123,手
75.139,1,25,16777215,1604203344,0,c5b02ef,40402246585286661,好!!!
199.224,1,25,16777215,1604195408,0,4cc87918,40398085703073797,好有想法。。。
81.748,1,25,16777215,1604195283,0,4cc87918,40398020001398791,^_^
69.579,1,25,41194,1604192782,0,8b0734f3,40396708781752325,＼(*T▽T*)／
74.199,1,25,16777215,1604171855,0,24bc8c76,40385737365389317,ヾ(@^▽^@)ノ
16.148,1,25,16777215,1604171797,0,24bc8c76,40385706902683655,回来了
72.619,1,25,16777215,1604147550,0,18241d1e,40372994254045189,很好
64.044,1,25,16777215,1604147541,0,18241d1e,40372989728391171,1260w助攻
28.247,1,25,16777215,1604147505,0,18241d1e,40372970661085187,助攻助攻
36.479,5,25,4351678,1604134105,0,86ff99d7,40365945393774599,好家伙弹幕被清了好多
68.442,1,25,41194,1604133612,0,ca333c1b,40365686811262983,好好好好好！
95.341,1,25,16777215,1604130827,0,57ffee6b,40364226515566597,普通的天依
23.02,1,25,16777215,1604126955,0,18065712,40362196823703555,考古。来了
99.792,1,25,16776960,1604122679,0,7f822ed3,40359954913689605,普通普通
80.024,1,25,16776960,1604122660,0,7f822ed3,40359944567914503,手
65.973,1,25,16776960,1604122646,0,7f822ed3,40359937196425219,不得不为这视频和音乐点赞，实在震到我了
78.266,1,25,4351678,1604114044,0,5073d66b,40355427508551687,手
32.801,1,25,16777215,1604113999,0,5073d66b,40355403676516359,镇站之宝
198.7,1,25,16777215,1604112458,0,b753091f,40354595769155589,这MV做的真的好
83.015,1,25,16777215,1604112188,0,e02c2280,40354454607233031,\^O^/
199.67,1,25,16777215,1604067946,0,152e875c,40331258869317639,ohhhhhhhhhhhhhhhhhh
142.705,1,25,16777215,1604067697,0,152e875c,40331128185815047,我也开始摇起来了:
70.065,1,25,16777215,1604067612,0,152e875c,40331083776524293,好！
70.38,1,25,16777215,1604066975,0,4f88781c,40330749685006339,好
72.55,1,25,16777215,1604060423,0,180bbe0b,40327314432589829,^O^
67.089,1,25,16777215,1604060408,0,180bbe0b,40327306672603143,好～～～
71.342,1,25,16777215,1604059779,0,3c7a9e43,40326976777486339,ヾ(@^▽^@)ノ 
79.351,1,25,16777215,1604058470,0,45e8e1f2,40326290613993479,沃日
76.85,1,25,16777215,1604057460,0,8414916a,40325761149698051,好
20.031,1,25,16777215,1604045407,0,706bfff3,40319441858723847,镇站之宝
71.549,1,25,16777215,1604032202,0,c72bdaa5,40312518574866435,手
76.616,1,25,16777215,1603979267,0,ba6197e7,40284765816881155,我的头
20.58,1,25,16777215,1603962179,0,b12b2ec2,40275806746836995,2021
19.82,1,25,16777215,1603893249,0,fb2d68f7,40239667248365573,1253
25.674,5,25,16646914,1603891929,0,dfa10992,40238975349161991,已经摇了
28.202,1,25,2236962,1603890897,0,20da9628,40238434468495365,h还是这首歌适合我
136.388,5,25,15138834,1603884514,0,a5d9c9ed,40235087760982019,瑶
85.004,5,25,9033215,1603848489,0,56db3782,40216200230207495,⎛⎝≥⏝⏝≤⎠⎞     ⎛⎝≥⏝⏝≤⎠⎞    ⎛⎝≥⏝⏝≤⎠⎞    ⎛⎝≥⏝⏝≤⎠⎞    ⎛⎝≥⏝⏝≤⎠⎞   ⎛⎝≥⏝⏝≤⎠⎞
19.543,1,25,16777215,1603821599,0,7a4f1c8a,40202101980659717,经典啊
83.153,1,25,16777215,1603810996,0,ff35ae55,40196543262228483,手
75.793,1,25,16777215,1603810986,0,ff35ae55,40196537775030275,好
90.662,1,25,16777215,1603808674,0,1d47def0,40195325533618183,2021年1月19日前来考古
42.426,1,25,16777215,1603806549,0,5a70cc0,40194211837378563,牛牛牛
33.548,5,25,15138834,1603804962,0,33d7e0da,40193379678027779,在普通的五年之后，我就耍了进来
73.662,1,25,41194,1603794361,0,69f7217f,40187821660569607,(*≧▽≦)ﾉｼ))
80.824,1,25,16777215,1603777045,0,43e08bf,40178743117348869,妙啊
75.222,5,25,16776960,1603773793,0,58e2f8b7,40177037988069383,ヾ(✿ﾟ▽ﾟ)ノ
104.24,1,25,16777215,1603760512,0,1cb19a2e,40170074690027523,o_O
73.204,1,25,16777215,1603757257,0,4cbe0f4e,40168368517939207,手
14.055,1,25,16777215,1603720914,0,e1c3ca61,40149314385739779,又被顶上来了
46.751,1,25,15138834,1603720527,0,b0680f19,40149111075766279,厉害啊
26.06,1,25,16777215,1603720504,0,b0680f19,40149099523604487,厉害啊
60.892,1,25,16777215,1603715827,0,eb0a7179,40146647349985287,占位
168.689,1,25,16777215,1603639175,0,7f249668,40106459307966469,woc真的是PPT
13.315,1,25,16777215,1603611355,0,4627ae8b,40091873661943815,跟我一起摇摆
159.075,1,25,16777215,1603609841,0,3adbb050,40091079768276999,～(￣▽￣～)~～(￣▽￣～)~
68.22,1,25,41194,1603604567,0,b0a34947,40088314594721797,~\(≧▽≦)/~~\(≧▽≦)/~~\(≧▽≦)/~~\(≧▽≦)/~
70.55,1,25,16777215,1603601990,0,21222ad5,40086963485147139,好
105.07,1,25,16777215,1603590179,0,171960ff,40080771188785155,ヾ(@^▽^@)ノ
76.362,1,25,16777215,1603590150,0,171960ff,40080756184711175,o(*^▽^*)┛
73.017,1,25,16777215,1603560114,0,db0d0297,40065008677158915,好
39.405,5,18,16777215,1603552715,0,a76b9e1a,40061129240608771,我动了
4.622,1,25,16777215,1603550244,0,7d4ac54b,40059834018562053,。。。
79.743,1,25,16777215,1603546939,0,9e47ad2d,40058101338472453,手
118.337,4,25,16777215,1603529932,0,7a7c935e,40049184430096387,⎛⎝≥⏝⏝≤⎠⎞     ⎛⎝≥⏝⏝≤⎠⎞    ⎛⎝≥⏝⏝≤⎠⎞    ⎛⎝≥⏝⏝≤⎠⎞    ⎛⎝≥⏝⏝≤⎠⎞   ⎛⎝≥⏝⏝≤⎠⎞
95.763,1,25,16777215,1603529909,0,7a7c935e,40049172595343427,⎛⎝≥⏝⏝≤⎠⎞     ⎛⎝≥⏝⏝≤⎠⎞    ⎛⎝≥⏝⏝≤⎠⎞    ⎛⎝≥⏝⏝≤⎠⎞    ⎛⎝≥⏝⏝≤���⎞   ⎛⎝≥⏝⏝≤⎠⎞⎛⎝≥⏝⏝≤⎠⎞     ⎛⎝≥⏝⏝≤⎠⎞
155.645,1,25,16777215,1603526566,0,4b7c47bf,40047419592802309,为证明该歌曲其实是个PPT
67.879,1,25,16777215,1603526413,0,4b7c47bf,40047339653562371,好～
72.619,1,25,16777215,1603512662,0,87b66297,40040130030862341,٩(๑^o^๑)۶
69.358,1,25,16777215,1603506364,0,df80a24a,40036828303065091,٩(๑^o^๑)۶
81.081,1,25,9033215,1603503604,0,2c528c7a,40035381049556997,手
67.818,1,25,9033215,1603503589,0,2c528c7a,40035373541228547,好
78.705,1,25,16777215,1603494713,0,d4e4dbac,40030719559335943,手
120.22,1,25,16777215,1603483070,0,bba40239,40024615432486915,(◍•ᴗ•◍)
23.891,1,25,16777215,1603476265,0,a9d596c2,40021047608082437,哈哈哈
16.976,1,25,14811775,1603472595,0,3a404c29,40019123599572997,我喜欢的人喜欢这首歌
63.8,1,25,6830715,1603468090,0,a852945c,40016761705201667,让我看到你们的猪手!
150.659,1,25,16777215,1603465891,0,2794dede,40015608753422343,这么多演员，经费在燃烧
85.771,1,25,16777215,1603465714,0,2794dede,40015515876851715,手 手 手 手
15.432,1,25,16777215,1603465644,0,2794dede,40015478993715207,听说这是镇站之宝？
74.395,1,25,16777215,1603465185,0,9659db87,40015238552616967,好
75.499,1,25,16777215,1603457894,0,c43e1ac7,40011416196349957,手
83.396,1,25,16777215,1603457825,0,26c64f8a,40011379901464583,爪
37.301,1,25,16777215,1603455137,0,a64c3d37,40009970231541767,2020见证神话
1.142,1,25,16777215,1603455098,0,a64c3d37,40009949940023303,恭喜你发现宝藏
172.584,1,25,16777215,1603454956,0,a64c3d37,40009875591790595,手手手！！！！
74.064,1,25,16777215,1603454832,0,a64c3d37,40009810679693317,好！！！！
125.806,4,25,4351678,1603451373,0,19be19b5,40007996989243399,(。・∀・)��
166.625,1,25,16777215,1603424573,0,58b9f6e3,39993946239139845,└(￣ ￣└)(┘￣ ￣)┘
117.608,1,25,16777215,1603424524,0,58b9f6e3,39993920566853639,(〜￣▽￣)〜
101.531,1,25,16777215,1603422039,0,c4455a92,39992617794011139,哇塞
84.794,1,25,16777215,1603418406,0,990c1e2,39990713059901447,蹄子
72.7,1,25,16777215,1603418394,0,990c1e2,39990706324897795,ヾ(✿ﾟ▽ﾟ)ノ
39.943,1,25,16777215,1603376561,0,eddc184f,39968774192889863,1250.4w报道
85.939,1,25,16777215,1603354975,0,58b9f6e3,39957456805691397,╮(￣▽￣)╭
76.097,1,25,16777215,1603319001,0,6c065336,39938596112171013,手
73.77,1,25,16777215,1603318988,0,6c065336,39938589051584519,手
195.242,1,25,16777215,1603300340,0,4346d784,39928812428853255,普通的我
57.181,1,25,16777215,1603293612,0,fcf3df75,39925284724539397,2020
82.929,1,25,16777215,1603265343,0,82a436e1,39910463753420807,��常上头
75.307,1,25,41194,1603215454,0,b5ddb41f,39884307778502663,好！
93.202,4,25,16777215,1603209166,0,febbc87f,39881010668634115,爪
86.19,1,25,6830715,1603202518,0,9486f79b,39877525412773891,手
178.01,1,25,6737151,1603199693,0,1b5a04f3,39876044314378247,⎛⎝≥⏝⏝≤⎠⎞⎛⎝≥⏝⏝≤⎠⎞⎛⎝≥⏝⏝≤⎠⎞⎛⎝≥⏝⏝≤⎠⎞⎛⎝≥⏝⏝≤⎠⎞
18.12,1,25,16777215,1603199318,0,d38472b1,39875847758807043,每天一遍
179.582,1,25,16777215,1603194033,0,db24d52d,39873076719517767,66
29.267,1,25,16777215,1603179369,0,6ac93807,39865388533022725,千万贺喜
3.242,1,25,16777215,1603179343,0,6ac93807,39865374769938439,梦开始的地方
26.544,1,25,16777215,1603177223,0,5d2f61c5,39864263647952899,1249
82.762,1,25,16777215,1603107828,0,3e3e0b8a,39827880433156103,手手
102.385,1,25,16777215,1603106817,0,efa75a33,39827350639083523,～(￣▽￣～)~
87.432,1,25,16777215,1603087740,0,6035adc,39817348703584259,手
72.334,1,25,16777215,1603036050,0,5210c269,39790247976370179,好！
162.005,1,25,16777215,1603029968,0,297152aa,39787059719700485,<( ; ᯅ ;  )ﾉ
191.954,1,25,14811775,1603028466,0,a87686c3,39786272018923527, ጿ ኈ ቼ ዽ ጿ ኈ ጿ ኈ ቼ ዽ ጿ ኈ ጿ ኈ ቼ ዽ ጿ ኈ ጿ ኈ ቼ ዽ ጿ ኈ ጿ ኈ ቼ ዽ ጿ ኈ ጿ ኈ ቼ ዽ ጿ ኈ ጿ ኈ ቼ ዽ ጿ ኈ ጿ ኈ ቼ ዽ ጿ ኈ ጿ ኈ
190.314,1,25,14811775,1603028462,0,a87686c3,39786269736697863, ጿ ኈ ቼ ዽ ጿ ኈ ጿ ኈ ቼ ዽ ጿ ኈ ጿ ኈ ቼ ዽ ጿ ኈ ጿ ኈ ቼ ዽ ጿ ኈ ጿ ኈ ቼ ዽ ጿ ኈ ጿ ኈ ቼ ዽ ጿ ኈ ጿ ኈ ቼ ዽ ጿ ኈ ጿ ኈ ቼ ዽ ጿ ኈ ጿ ኈ
188.714,1,25,14811775,1603028457,0,a87686c3,39786267499036677, ጿ ኈ ቼ ዽ ጿ ኈ ጿ ኈ ቼ ዽ ጿ ኈ ጿ ኈ ቼ ዽ ጿ ኈ ጿ ኈ ቼ ዽ ጿ ኈ ጿ ኈ ቼ ዽ ጿ ኈ ጿ ኈ ቼ ዽ ጿ ኈ ጿ ኈ ቼ ዽ ጿ ኈ ጿ ኈ ቼ ዽ ጿ ኈ ጿ ኈ
173.594,1,25,14811775,1603028440,0,a87686c3,39786258273140741, ጿ ኈ ቼ ዽ ጿ ኈ ጿ ኈ ቼ ዽ ጿ ኈ ጿ ኈ ቼ ዽ ጿ ኈ ጿ ኈ ቼ ዽ ጿ ኈ ጿ ኈ ቼ ዽ ጿ ኈ ጿ ኈ ቼ ዽ ጿ ኈ ጿ ኈ ቼ ዽ ጿ ኈ ጿ ኈ ቼ ዽ ጿ ኈ ጿ ኈ
166.194,5,25,14811775,1603028421,0,a87686c3,39786248198946823, ጿ ኈ ቼ ዽ ጿ ኈ ጿ ኈ ቼ ዽ ጿ ኈ ጿ ኈ ቼ ዽ ጿ ኈ ጿ ኈ ቼ ዽ ጿ ኈ ጿ ኈ ቼ ዽ ጿ ኈ ጿ ኈ ቼ ዽ ጿ ኈ ጿ ኈ ቼ ዽ ጿ ኈ ጿ ኈ ቼ ዽ ጿ ኈ ጿ ኈ
135.646,5,25,15138834,1603028380,0,a87686c3,39786226670108677, ጿ ኈ ቼ ዽ ጿ ኈ ጿ ኈ ቼ ዽ ጿ ኈ ጿ ኈ ቼ ዽ ጿ ኈ ጿ ኈ ቼ ዽ ጿ ኈ ጿ ኈ ቼ ዽ ጿ ኈ ጿ ኈ ቼ ዽ ጿ ኈ ጿ ኈ ቼ ዽ ጿ ኈ ጿ ኈ ቼ ዽ ጿ ኈ ጿ ኈ
127.756,5,25,15138834,1603028372,0,a87686c3,39786222557069315, ጿ ኈ ቼ ዽ ጿ ኈ ጿ ኈ ቼ ዽ ጿ ኈ ጿ ኈ ቼ ዽ ጿ ኈ ጿ ኈ ቼ ዽ ጿ ኈ ጿ ኈ ቼ ዽ ጿ ኈ ጿ ኈ ቼ ዽ ጿ ኈ ጿ ኈ ቼ ዽ ጿ ኈ ጿ ኈ ቼ ዽ ጿ ኈ ጿ ኈ
122.003,5,25,15138834,1603028366,0,a87686c3,39786219561287683, ጿ ኈ ቼ ዽ ጿ ኈ ጿ ኈ ቼ ዽ ጿ ኈ ጿ ኈ ቼ ዽ ጿ ኈ ጿ ኈ ቼ ዽ ጿ ኈ ጿ ኈ ቼ ዽ ጿ ኈ ጿ ኈ ቼ ዽ ጿ ኈ ጿ ኈ ቼ ዽ ጿ ኈ ጿ ኈ ቼ ዽ ጿ ኈ ጿ ኈ
107.92,5,25,15138834,1603028352,0,a87686c3,39786212132651013, ጿ ኈ ቼ ዽ ጿ ኈ ጿ ኈ ቼ ዽ ጿ ኈ ጿ ኈ ቼ ዽ ጿ ኈ ጿ ኈ ቼ ዽ ጿ ኈ ጿ ኈ ቼ ዽ ጿ ኈ ጿ ኈ ቼ ዽ ጿ ኈ ጿ ኈ ቼ ዽ ጿ ኈ ጿ ኈ ቼ ዽ ጿ ኈ ጿ ኈ
92.077,5,25,15138834,1603028336,0,a87686c3,39786203877736455, ጿ ኈ ቼ ዽ ጿ ኈ ጿ ኈ ቼ ዽ ጿ ኈ ጿ ኈ ቼ ዽ ጿ ኈ ጿ ኈ ቼ ዽ ጿ ኈ ጿ ኈ ቼ ዽ ጿ ኈ ጿ ኈ ቼ ዽ ጿ ኈ ጿ ኈ ቼ ዽ ጿ ኈ ጿ ኈ ቼ ዽ ጿ ኈ ጿ ኈ
87.085,5,25,15138834,1603028331,0,a87686c3,39786201268879363, ጿ ኈ ቼ ዽ ጿ ኈ ጿ ኈ ቼ ዽ ጿ ኈ ጿ ኈ ቼ ዽ ጿ ኈ ጿ ኈ ቼ ዽ ጿ ኈ ጿ ኈ ቼ ዽ ጿ ኈ ጿ ኈ ቼ ዽ ጿ ኈ ጿ ኈ ቼ ዽ ጿ ኈ ጿ ኈ ቼ ዽ ጿ ኈ ጿ ኈ
79.474,5,25,15138834,1603028323,0,a87686c3,39786196894220295,手
72.882,5,25,15138834,1603028312,0,a87686c3,39786191402303495, ጿ ኈ ቼ ዽ ጿ ኈ ጿ ኈ ቼ ዽ ጿ ኈ ጿ ኈ ቼ ዽ ጿ ኈ ጿ ኈ ቼ ዽ ጿ ኈ ጿ ኈ ቼ ዽ ጿ ኈ ጿ ኈ ቼ ዽ ጿ ኈ ጿ ኈ ቼ ዽ ጿ ኈ ጿ ኈ ቼ ዽ ጿ ኈ ጿ ኈ
54.692,5,25,15138834,1603028294,0,a87686c3,39786181857640455, ጿ ኈ ቼ ዽ ጿ ኈ ጿ ኈ ቼ ዽ ጿ ኈ ጿ ኈ ቼ ዽ ጿ ኈ ጿ ኈ ቼ ዽ ጿ ኈ ጿ ኈ ቼ ዽ ጿ ኈ ጿ ኈ ቼ ዽ ጿ ኈ ጿ ኈ ቼ ዽ ጿ ኈ ጿ ኈ ቼ ዽ ጿ ኈ ጿ ኈ
45.017,5,25,14811775,1603028284,0,a87686c3,39786176782532611, ጿ ኈ ቼ ዽ ጿ ኈ ጿ ኈ ቼ ዽ ጿ ኈ ጿ ኈ ቼ ዽ ጿ ኈ ጿ ኈ ቼ ዽ ጿ ኈ ጿ ኈ ቼ ዽ ጿ ኈ �� ኈ ቼ ዽ ጿ ኈ ጿ ኈ ቼ ዽ ጿ ኈ ጿ ኈ ቼ ዽ ጿ ኈ ጿ ኈ
36.516,5,25,11890,1603028276,0,a87686c3,39786172326608903, ጿ ኈ ቼ ዽ ጿ ኈ ጿ ኈ ቼ ዽ ጿ ኈ ጿ ኈ ቼ ዽ ጿ ኈ ጿ ኈ ቼ ዽ ጿ ኈ ጿ ኈ ቼ ዽ ጿ ኈ ጿ ኈ ቼ ዽ ጿ ኈ ጿ ኈ ቼ ዽ ጿ ኈ ጿ ኈ ቼ ዽ ጿ ኈ ጿ ኈ
17.573,1,25,16777215,1603028257,0,a87686c3,39786162393448453, ጿ ኈ ቼ ዽ ጿ ኈ ጿ ኈ ቼ ዽ ጿ ኈ ጿ ኈ ቼ ዽ ጿ ኈ ጿ ኈ ቼ ዽ ጿ ኈ ጿ ኈ ቼ ዽ ጿ ኈ ጿ ኈ ቼ ዽ ጿ ኈ ጿ ኈ ቼ ዽ ጿ ኈ ጿ ኈ ቼ ዽ ጿ ኈ ጿ ኈ
9.803,1,25,16777215,1603028249,0,a87686c3,39786158316584967,跳起来！ ጿ ኈ ቼ ዽ ጿ ኈ ጿ ኈ ቼ ዽ ጿ ኈ ጿ ኈ ቼ ዽ ጿ ኈ ጿ ኈ ቼ ዽ ጿ ኈ ጿ ኈ ቼ ዽ ጿ ኈ ጿ ኈ ቼ ዽ ጿ ኈ ጿ ኈ ቼ ዽ ጿ ኈ ጿ ኈ ቼ ዽ ጿ ኈ
199.26,5,25,14811775,1603028230,0,a87686c3,39786148017471491, ጿ ኈ ቼ ዽ ጿ ኈ ጿ ኈ ቼ ዽ ጿ ኈ ��� ኈ ቼ ዽ ጿ ኈ ጿ ኈ ቼ ዽ ጿ ኈ ጿ ኈ ቼ ዽ ጿ ኈ ጿ ኈ ቼ ዽ ጿ ኈ ጿ ኈ ቼ ዽ ጿ ኈ ጿ ኈ ቼ ዽ ጿ ኈ ጿ ኈ
197.94,5,25,14811775,1603028226,0,a87686c3,39786146011545603, ጿ ኈ ቼ ዽ ጿ ኈ ጿ ኈ ቼ ዽ ጿ ኈ ጿ ኈ ቼ ዽ ጿ ኈ ጿ ኈ ቼ ዽ ጿ ኈ ጿ ኈ ቼ ዽ ጿ ኈ ጿ ኈ ቼ ዽ ጿ ኈ ጿ ኈ ቼ ዽ ጿ ኈ ጿ ኈ ቼ ዽ ጿ ኈ ጿ ኈ
193.26,5,25,14811775,1603028219,0,a87686c3,39786142735269893, ጿ ኈ ቼ ዽ ጿ ኈ ጿ ኈ ቼ ዽ ጿ ኈ ጿ ኈ ቼ ዽ ጿ ኈ ጿ ኈ ቼ ዽ ጿ ኈ ጿ ኈ ቼ ዽ ጿ ኈ ጿ ኈ ቼ ዽ ጿ ኈ ጿ ኈ ቼ ዽ ጿ ኈ ጿ ኈ ቼ ዽ ጿ ኈ ጿ ኈ
181.58,5,25,14811775,1603028196,0,a87686c3,39786130538233859, ጿ ኈ ቼ ዽ ጿ ኈ ጿ ኈ ቼ ዽ ጿ ኈ ጿ ኈ ቼ ዽ ጿ ኈ ጿ ኈ ቼ ዽ ጿ ኈ ጿ ኈ ቼ ዽ ጿ ኈ ጿ ኈ ቼ ዽ ጿ ኈ ጿ ኈ ቼ ዽ ጿ ኈ ጿ ኈ ቼ ዽ ጿ ኈ
180.14,5,25,14811775,1603028178,0,a87686c3,39786120941142023, ጿ ኈ ቼ ዽ ጿ ኈ
159.7,5,25,14811775,1603028155,0,a87686c3,39786109055008771, ጿ ኈ ቼ ዽ ጿ ኈ
151.18,5,25,14811775,1603028142,0,a87686c3,39786102381871111, ጿ ኈ ቼ ዽ ጿ ኈ
151.18,5,25,14811775,1603028134,0,a87686c3,39786097846255619, ጿ ኈ ቼ ዽ ጿ ኈ
151.18,5,25,14811775,1603028129,0,a87686c3,39786095277244419, ጿ ኈ ቼ ዽ ጿ ኈ
151.18,5,25,14811775,1603028124,0,a87686c3,39786092693028867, ጿ ኈ ቼ ዽ ጿ ኈ
21.548,1,25,16777215,1603028119,0,c6f59285,39786090210525191,发现一个普通的视频
150.5,5,25,14811775,1603028119,0,a87686c3,39786090228875269, ጿ ኈ ቼ ዽ ጿ ኈ
148.66,5,25,14811775,1603028115,0,a87686c3,39786088167899139, ጿ ኈ ቼ ዽ ጿ ኈ
80.7,1,25,16777215,1603028102,0,b021e4eb,39786080923811847,爪
138.579,1,25,14811775,1603028075,0,a87686c3,39786067202670599,(*≧▽≦)ﾉｼ))
138.579,1,25,14811775,1603028064,0,a87686c3,39786060996149255,(*≧▽≦)ﾉｼ))
64.934,1,25,8700107,1603007139,0,b4b186ff,39775090514067463,。
193.478,1,25,16777215,1603003712,0,3f784b52,39773293748158469,5100万合影
17.669,1,25,16777215,1603001152,0,628e56c9,39771951613345799,一首普通的歌
76.13,1,25,16777215,1602994337,0,8b4a980a,39768378439630855,好
16.706,1,25,16777215,1602994277,0,8b4a980a,39768347300069381,2020
76.59,5,25,16777215,1602990525,0,3106ed4a,39766380069781509,~\(≧▽≦)/~
76.59,1,25,16777215,1602990502,0,3106ed4a,39766367876415491,⎛⎝≥⏝⏝≤⎠⎞     ⎛⎝≥⏝⏝≤⎠⎞    ⎛⎝≥⏝⏝≤⎠⎞    ⎛⎝≥⏝⏝≤⎠⎞    ⎛⎝≥⏝⏝≤⎠⎞   ⎛⎝≥⏝⏝≤⎠⎞
79.015,1,25,16777215,1602986640,0,61a5f96a,39764343249174533,乁(•౪• 乁)
70.744,1,25,16777215,1602985495,0,ed9d03ae,39763742622220291,好
76.74,1,25,16777215,1602983116,0,7d699400,39762495368855559,首首
1.01,5,25,16776960,1602979556,0,1b9f5c05,39760628863205383,镇站之宝
182.66,1,25,41194,1602953203,0,72d50257,39746812521742343,摇摇摇摇摇摇摇
67.132,1,25,16777215,1602945301,0,dcd984ff,39742669479477255,让我看到你们的猪手
78.631,1,25,16777215,1602944234,0,7221fa68,39742110054219781,手手
160.274,1,25,16777215,1602929047,0,4b7c47bf,39734148053598213,WC上头
174.185,1,25,16777215,1602925126,0,24bc8c76,39732092250619909,在摇了在摇了
121.76,1,25,16777215,1602925074,0,24bc8c76,39732064856571911,ヾ(@^▽^@)ノ
95.726,1,25,16777215,1602925048,0,24bc8c76,39732051077234691,左手右手
13.661,1,25,16777215,1602924966,0,24bc8c76,39732008087191555,1247绝了
116.777,1,25,16777215,1602905000,0,eda3e37e,39721540378427399,2020考古
11.788,1,25,16777215,1602902789,0,b53d2054,39720380952215555,冲冲冲
118.02,1,25,16777215,1602902556,0,9b624299,39720258892201989,(ノ≧∀≦)ノ
111.958,1,25,16777215,1602902550,0,9b624299,39720255722881031,(ノ°▽°)ノ
103.398,1,25,16777215,1602902541,0,9b624299,39720251185168389,ヽ(￣▽￣)ノ
73.622,1,25,16777215,1602902512,0,9b624299,39720235613814787,(ノ°▽°)ノ
89.98,1,25,16777215,1602899877,0,9427297e,39718854287425539,手
76.699,1,25,16777215,1602895463,0,1b67bafb,39716540195536903,好
188.027,5,25,16646914,1602895142,0,2e08b7d1,39716371894894595,统计完毕。普通X60
90.901,1,25,16777215,1602891248,0,c76a8ad6,39714330130251781,双手
72.78,1,25,16777215,1602883550,0,8400d905,39710294303834119,手
103.002,1,25,16777215,1602858670,0,cdd874fd,39697250087075845,手手！！！！
96.609,1,25,16777215,1602858664,0,cdd874fd,39697246759419911,手
79.873,1,25,16777215,1602858647,0,cdd874fd,39697237981265923,兽兽手速
71.978,1,25,16777215,1602858639,0,cdd874fd,39697233815273477,动次打次
69.409,1,25,16777215,1602853147,0,ed358ac3,39694354211143683,手手
14.887,1,25,16777215,1602836796,0,2312d18b,39685781808218115,yyy
77.827,1,25,16777215,1602816511,0,7802dafa,39675146759307269,(づ ●─● )づ
172.383,1,25,104601,1602770279,0,4c3fbd7f,39650907417739267,啊啊啊啊啊啊啊啊啊啊啊啊啊啊啊啊啊啊啊啊啊啊啊啊啊啊啊啊啊啊啊啊啊啊
153.273,1,25,16777215,1602770259,0,4c3fbd7f,39650897363468293,芜湖
56.38,1,25,16777215,1602768534,0,324ebc56,39649992950415367,
96.767,1,25,16777215,1602761686,0,da3f08a7,39646402352513031,哈哈哈哈哈哈哈哈哈哈哈哈哈哈哈哈哈哈哈哈哈哈哈哈哈哈哈哈吼吼吼吼吼吼吼吼吼吼吼吼吼吼吼哈哈哈哈哈哈哈哈哈哈哈哈哈哈哈
62.577,1,25,16777215,1602761652,0,da3f08a7,39646384420290563,咩咩咩咩咩咩
15.885,1,25,16777215,1602688092,0,bfc7ea,39607818181935107,来了来了
17.967,1,25,16777215,1602684311,0,2e854404,39605835579523079,这活像个VB做的
194.41,1,25,16777215,1602679147,0,67a5a8d5,39603128193515523,洛天依伟大~
80.08,1,25,16777215,1602677289,0,ad7f687f,39602153941106695,双手
149.572,1,25,16777215,1602673790,0,1f3a2ecf,39600319658196997,上头了
70.921,5,25,41194,1602671970,0,d0f49d24,39599365548933123,好！
28.401,1,25,16777215,1602671919,0,d92cfbd8,39599338825973767,普通的神话~~
11.642,1,25,16777215,1602671902,0,d92cfbd8,39599330035761159,~
16.368,1,25,16777215,1602671294,0,dfe23c5c,39599010777923589,抖腿停不下来
69.579,1,25,16777215,1602667665,0,c4f3d881,39597108477558791,好
11.166,1,25,16777215,1602664508,0,3515af63,39595453310304263,永远有人看系列
76.277,1,25,16777215,1602652197,0,2f0d2e07,39588998849495043,好
85.304,1,25,16777215,1602638557,0,2ff54b73,39581847384489987,左手    右手
43.828,1,25,16777215,1602638516,0,2ff54b73,39581825638596613,1246万
81.612,1,25,16777215,1602638290,0,2ff54b73,39581707653873667,手  手
71.924,1,25,16777215,1602638281,0,2ff54b73,39581702556745735,好
83.007,1,25,16777215,1602603314,0,c7bfe3a4,39563370104881157,手
113.001,1,25,16777215,1602574553,0,2ce9364e,39548290722168835,（/-_-)/
28.319,1,25,16777215,1602520340,0,78301187,39519867512029187,1
94.27,1,25,16777215,1602520312,0,be97ed23,39519852827246597,手
9.722,1,25,16777215,1602518143,0,e81a6356,39518715683274759,1245.6w
80.22,1,25,16777215,1602508072,0,3da65812,39513435663761413,ヽ(*^^*)ノヽ(*^^*)ノ
43.969,5,25,41194,1602506366,0,ae0c45a7,39512541481140227,普通的歌
73.976,1,25,16777215,1602505431,0,932c6a94,39512050820448259,好！
82.951,1,25,16777215,1602502346,0,16feba43,39510433402454019,��x2
98.33,1,25,16777215,1602485937,0,37ac9196,39501830757548035,双手
27.345,1,25,6737151,1602480024,0,e6251571,39498730309156867,锦依卫参见！
68.558,1,25,16777215,1602477825,0,2e08b7d1,39497577374154757,今日乳法？
69.38,1,25,16777215,1602466731,0,c7554fca,39491761157963779,好
67.135,1,25,16777215,1602441392,0,e174fc6f,39478476235866117,好！
70.055,1,25,11890,1602426370,0,16b0226a,39470600124628995,→双手
28.07,1,25,16777215,1602423014,0,80fbb1c2,39468840771387399,扑通扑通
182.977,1,25,16777215,1602418228,0,e46337c,39466331646984195,前奏让我不自觉地点头。
75.765,1,25,16777215,1602417862,0,f7353c8e,39466139480752135,手 手 手
80.859,1,25,16777215,1602413488,0,243775b6,39463846238224389,好ヽ(ﾟ∀ﾟ)ﾉ!
79.201,1,25,16777215,1602401264,0,e8f96ec6,39457437350625283,手
0.868,1,25,16777215,1602394848,0,3407faa,39454073713328135,1244w贺电
58.293,1,25,16646914,1602388316,0,c867e870,39450649060966405,按理来说。。。电脑不会抖，但为什么我的电脑在震
5.125,1,25,16777215,1602386492,0,efc1a78,39449692657942533,⎛⎝≥⏝⏝≤⎠⎞
78.831,1,25,16777215,1602383557,0,d98268bf,39448153867943941,(≧∇≦)/
47.658,1,25,6737151,1602382807,0,6a026126,39447760922476549,⎛⎝≥⏝⏝≤⎠⎞    ⎛⎝≥⏝⏝≤⎠⎞   ⎛⎝≥⏝⏝≤⎠⎞     ⎛⎝≥⏝⏝≤⎠⎞   ⎛⎝≥⏝⏝≤⎠⎞    ⎛⎝≥⏝⏝≤⎠⎞   ⎛⎝≥⏝⏝≤⎠⎞    ⎛⎝≥⏝⏝≤⎠⎞
83.101,1,25,16777215,1602381039,0,6b96389,39446833613766659,还好还好哈
93.977,1,25,16777215,1602378472,0,ff6776ee,39445487814180869,手
79.716,1,25,16777215,1602376076,0,1dd0544c,39444231601782787,手手！
73.108,1,25,16777215,1602364664,0,eaba6db7,39438248772632583,V(^_^)V
76.119,5,25,15138834,1602351081,0,b1de1f51,39431127399137287,ฅฅฅฅฅฅฅฅฅฅฅฅฅฅฅฅฅฅฅฅฅฅฅฅฅฅฅฅฅฅฅฅฅฅฅฅฅฅฅฅฅฅฅฅฅฅฅฅฅฅฅฅฅฅฅฅฅฅฅฅฅฅฅฅฅฅฅฅฅฅฅฅฅฅฅฅฅฅฅฅฅฅฅฅฅฅฅฅฅฅฅฅฅฅฅฅฅฅฅฅ
94.478,1,25,16777215,1602342433,0,35123379,39426593150468103,手
105.654,5,18,16776960,1602335018,0,c4526ed2,39422705341038597,⎛⎝≥⏝⏝≤⎠⎞     ⎛⎝≥⏝⏝≤⎠⎞    ⎛⎝≥⏝⏝≤⎠⎞    ⎛⎝≥⏝⏝≤⎠⎞    ⎛⎝≥⏝⏝≤⎠⎞   ⎛⎝≥⏝⏝≤⎠⎞
70.959,1,25,41194,1602333785,0,370ad784,39422059063803973,爪爪爪爪爪爪
138.926,1,25,16777215,1602328514,0,4ee18305,39419295416451075,债见来不及挥手づづ
129.659,1,25,16777215,1602328504,0,4ee18305,39419290544766979,(๑>؂<๑）好吃喵！
118.22,1,25,16777215,1602328493,0,4ee18305,39419284563689477,哼(ˉ(∞)ˉ)唧
94.216,1,25,16777215,1602326171,0,23443cf5,39418067299074053,手
115.53,5,18,15138834,1602316636,0,235c1773,39413068057280515,(๑ºั╰╯ºั๑)
124.324,1,25,16707842,1602257892,0,3c896ca0,39382269537288199, (*≧▽≦) 
70.606,1,25,16777215,1602256390,0,982a931b,39381481594290183,猪手
141.587,1,25,16777215,1602252465,0,982a931b,39379423838339077,一直以为是日本的...
172.74,1,25,16777215,1602244823,0,354d7bec,39375417209520131,禁忌二重奏
120.786,1,25,16777215,1602230688,0,38538fda,39368006319996931,我听着普通のdisco
76.361,1,25,16777215,1602230643,0,38538fda,39367983010152451,手
71.08,1,25,16777215,1602228944,0,38538fda,39367091983220741,好!
24.87,1,25,16777215,1602172443,0,67aff102,39337469595877383,16
11.387,1,25,16777215,1602172430,0,67aff102,39337462516416515,⎛⎝≥⏝⏝≤⎠⎞
78.756,1,25,16777215,1602167128,0,db3099e2,39334683043430405,好
74.74,1,25,16777215,1602164617,0,331ee4ab,39333366544728067,好
9.736,1,25,16777215,1602153014,0,886384ac,39327283174440967,居然是ppt。。
67.39,1,25,16777215,1602146678,0,bf31afdf,39323961086443525,好着呢
25.427,1,25,16777215,1602139664,0,9e8ce4e0,39320283598290951,
15.033,4,25,16777215,1602139642,0,9e8ce4e0,39320272045080643,不要刷“考古”！
38.833,4,25,16777215,1602139585,0,9e8ce4e0,39320242527666181,3930w
17.831,4,25,16777215,1602139550,0,9e8ce4e0,39320223924355077,5500w
5.119,4,25,16777215,1602139529,0,9e8ce4e0,39320213130313735,请注意弹幕礼仪，不要刷“考古”
11.195,1,25,16777215,1602139478,0,9e8ce4e0,39320186525319171,5500w
4.875,1,25,16777215,1602139460,0,9e8ce4e0,39320177043046407,1200万贺电！
138.002,1,25,16777215,1602139392,0,9e8ce4e0,39320140964167685,？
80.231,1,25,16777215,1602139298,0,9e8ce4e0,39320092055961605,手手手手手手手手手手手手手手手手手手手手手手手手手手手手手手手手手手手手手手手手手手手手手手手手手手手手手手手手手手手手手手手手手手手手手手手手手手手手手手手手手手手手
48.502,1,25,16777215,1602139235,0,9e8ce4e0,39320058920435715,5610w
30.658,1,25,16777215,1602139203,0,9e8ce4e0,39320042151608323,注意弹幕礼仪，不要刷考古
86.493,1,25,16777215,1602132086,0,e4619cd7,39316310763503623,手手手手手
83.16,1,25,16777215,1602127920,0,6237e701,39314126412972037,蹄
108.258,1,25,16777215,1602124551,0,4836f3b5,39312360137031685,⎛⎝≥⏝⏝≤⎠⎞     ⎛⎝≥⏝⏝≤⎠⎞    ⎛⎝≥⏝⏝≤⎠⎞    ⎛⎝≥⏝⏝≤⎠⎞    ⎛⎝≥⏝⏝≤⎠⎞   ⎛⎝≥⏝⏝≤⎠⎞
73.66,1,25,16777215,1602102209,0,8e542e4,39300646665453571,这个不是三无marblue的歌么？？？
33.692,1,25,16777215,1602093952,0,5a2eca0,39296317476306949,五千万合影
25.493,1,25,16777215,1602093944,0,5a2eca0,39296313160368131,再来亿遍
12.718,1,25,16777215,1602093931,0,5a2eca0,39296306476220421,重温
69.059,1,25,16777215,1602092295,0,54bd76ed,39295449034129413,让我看到你们的触手
78.201,1,25,16777215,1602082953,0,9e47ad2d,39290550672162821,手
83.903,1,25,16777215,1602082673,0,33681b26,39290403984244739,！！！
75.479,1,25,16777215,1602078565,0,d5aedb05,39288250256850951,手
176.63,1,25,16777215,1602074049,0,855712ad,39285882802405379,我喜欢伴奏音
159.183,1,25,16777215,1602074032,0,855712ad,39285873657774083,普通的打劫在你旁边
129.232,1,25,16777215,1602074002,0,855712ad,39285857933328389,disorder
89.402,1,25,16777215,1602073962,0,855712ad,39285837066141699,8级电子音
54.431,1,25,16777215,1602073927,0,855712ad,39285818733363207,刘辟
46.333,1,25,16777215,1602073919,0,855712ad,39285814444163077,1000级普通话
27.907,1,25,16777215,1602073901,0,855712ad,39285804800409603,智能电环音
74.187,5,25,16777215,1602072877,0,a5923423,39285268027015171,手
177.354,1,25,65484,1602071105,0,f617ad6c,39284339068895239,言和小天使天下第一可爱！
22.746,5,25,8700107,1602055020,0,c153a5ac,39275906203123719,恭喜你发现镇店之宝
167.87,1,25,16777215,1602051248,0,919bf575,39273928107491333,╮(‵▽′)╭
154.353,1,25,16777215,1602051234,0,919bf575,39273920971407363,ヾ(^▽^*)))
144.803,1,25,16777215,1602051224,0,919bf575,39273915962359815,╮(‵▽′)╭
134.365,1,25,16777215,1602051214,0,919bf575,39273910465200131,(∗❛ั∀❛ั∗)✧*。
128.844,1,25,16777215,1602051208,0,919bf575,39273907565887495,(◦˙▽˙◦)
88.995,1,25,16777215,1602041702,0,8073babb,39268923279409157,手
76.494,1,25,16777215,1602041689,0,8073babb,39268916734722051,普通
73.048,1,25,16777215,1602039922,0,a3b449f2,39267990324641799,好！！！
68.059,1,25,15138834,1602036928,0,deba8fb6,39266420359954435,好好好好好好好好好好好好好好好好好好好好好好好好好好好好好好好好好好好好好好好好好好好好好好好好好好好好好好好好好好
67.26,5,25,16777215,1602034249,0,68625adf,39265016057692163,好！
29.869,1,25,16777215,1602032049,0,6ff49ea6,39263862521856005,QAQ
77.933,1,25,16777215,1602017786,0,98bc158c,39256384889421827,双手
73.961,1,25,16777215,1602013736,0,8b3432a7,39254261068464133,手
70.291,1,25,16777215,1602013720,0,8b3432a7,39254253097189383,好
82.493,1,25,16777215,1602003458,0,d1186448,39248872608366599,猪手
10.187,1,25,16777215,1602003386,0,d1186448,39248834683469831,2020
32.852,1,25,16777215,1601999463,0,65fb217b,39246778254491655,普通的乐趣
9.1,1,25,16777215,1601999440,0,65fb217b,39246765790593027,我又来了
87.267,1,25,16777215,1601996089,0,c6956bfc,39245008995352579,手
81.717,1,25,16777215,1601993406,0,f8f4eea5,39243602515722245,收
141.528,1,25,16777215,1601992445,0,9d621ad4,39243098750451719,在普通的太阳系有颗普通的地球，普通的地球上有台普通的电脑，普通的电脑前有个大帅逼
74.714,1,25,16777215,1601990725,0,4842b0f6,39242196755415047,\(^O^)/
99.385,1,25,16777215,1601989227,0,e7c57f62,39241411462168583,\^O^/
64.318,1,25,16777215,1601988889,0,f95115b4,39241234319409157,好
75.276,1,25,16777215,1601988773,0,aabe1147,39241173674491911,~\(≧▽≦)/~
11.099,1,25,16777215,1601988394,0,5bfc3d5a,39240974935261189,JIJSJK
88.712,5,25,16646914,1601987861,0,42fbc16c,39240695391715331,芜湖起飞
15.15,5,25,16646914,1601987788,0,42fbc16c,39240656816701447,千万助攻
117.633,4,25,16776960,1601985973,0,2026c1b3,39239705606225923,⎛⎝≥⏝⏝≤⎠⎞     ⎛⎝≥⏝⏝≤⎠⎞    ⎛⎝≥⏝⏝≤⎠⎞    ⎛⎝≥⏝⏝≤⎠⎞    ⎛⎝≥⏝⏝≤⎠⎞   ⎛⎝≥⏝⏝≤⎠⎞
99.202,1,25,16777215,1601985955,0,2026c1b3,39239695967191045,⎛⎝≥⏝⏝≤⎠⎞     ⎛⎝≥⏝⏝≤⎠⎞    ⎛⎝≥⏝⏝≤⎠⎞    ⎛⎝≥⏝⏝≤⎠⎞    ⎛⎝≥⏝⏝≤⎠⎞   ⎛⎝≥⏝⏝≤⎠⎞
25.189,1,25,16777215,1601983629,0,5daaf52e,39238476522061829,镇站之宝
189.99,5,25,16646914,1601980772,0,64699678,39236978822610949,普通是啥意思来着？
83.048,1,25,16777215,1601963872,0,1a2717e5,39228118312419335,芜湖
11.028,1,25,16777215,1601963678,0,1a2717e5,39228016684433411,202010考古
116.564,1,25,16707842,1601960674,0,973a8b4d,39226441220489223,这普通的一切都变得不同。
77.396,1,25,16707842,1601960616,0,973a8b4d,39226411113250821,手
26.025,1,25,16707842,1601960555,0,973a8b4d,39226378938220547,嗷呜~
85.474,1,25,16777215,1601952269,0,ba774e38,39222034714591239,٩(๑^o^๑)۶
77.48,1,25,16777215,1601951953,0,31f4bcb5,39221869378797573,\(^o^)/~
28.502,1,25,16777215,1601948984,0,a5600bc,39220312563777541,老带感了
49.439,1,25,6737151,1601944533,0,3ca7125e,39217979171274759,我打开了弹幕，然后我卡了
24.087,1,25,16777215,1601944508,0,3ca7125e,39217965871136773,我打开了弹幕，然后我卡了
86.62,5,25,15138834,1601943408,0,7a3b1810,39217389363527683,苏卡不列
113.61,1,25,16777215,1601942655,0,1e0a5e66,39216994390114307,魔性PV，我控制不住自己的头和腿
3.382,1,25,16777215,1601920863,0,2f6e370f,39205568865370117,进站必刷 好家伙。
58.193,1,25,6737151,1601909024,0,c468af1,39199362154233863,天依蓝
110.315,1,25,16777215,1601901557,0,36f7eec1,39195447334010885,~\(≧▽≦)/~
38.027,1,25,13369971,1601899199,0,be2b1c6f,39194210791325701,好普通啊
74.02,1,25,16777215,1601895714,0,eb2eb3d0,39192383743590407,手
10.239,1,25,16777215,1601887756,0,9757ffc8,39188211225853959,经典老歌
194.579,1,25,16777215,1601886365,0,e5fecf57,39187482318209027,在B站看PPT
14.462,1,25,9487136,1601878825,0,df17f871,39183528923496453,千万！！
3.013,1,25,16646914,1601873134,0,dcf5333f,39180545446379527,恭喜你，发现了我的宝藏
96.968,1,25,16777215,1601873110,0,b43b8360,39180532711424003,ヽ(￣▽￣)ﾉ
70.922,1,25,16777215,1601873020,0,1f9be6aa,39180485362450437,2倍速绝了
74.573,1,25,16777215,1601828498,0,3f3fe849,39157143068737543,手
83.99,1,25,16777215,1601823868,0,e7de0101,39154715963949063,o(*￣︶￣*)o
160.512,1,25,16777215,1601819526,0,e24ea38b,39152439125868549,上头了
89.995,1,25,16777215,1601819500,0,6d8e755c,39152425441427459,手
70.901,1,25,16777215,1601818554,0,a1a458e0,39151929892798469,好！！！！！！！
97.335,1,25,16777215,1601815208,0,b3acfe5e,39150175265488901,帆帆帆帆
79.683,1,25,16777215,1601812405,0,d6be4f0,39148705605484551,手手
66.364,1,25,16777215,1601812373,0,d6be4f0,39148689241407495,好
77.72,1,25,16777215,1601808968,0,55c9ec86,39146903609278469,手 手
87.03,1,25,16777215,1601807430,0,171960ff,39146097692639237,o(*^▽^*)┛
101.31,1,25,16777215,1601802885,0,3d648cb5,39143714593964035,ଘ(੭ˊ꒳​ˋ)੭✧
96.913,1,25,16777215,1601802870,0,3d648cb5,39143706557677571,(*≧▽≦)ﾉｼ))
79.443,1,25,16777215,1601799821,0,539375dc,39142108236349443,好
77.918,1,25,16777215,1601795190,0,b389fd33,39139680278020099,好！
37.06,1,25,16777215,1601795135,0,2b74c332,39139651528687621,我在
73.564,1,25,16777215,1601793130,0,317be605,39138600201748483,触手
106.959,1,25,41194,1601786379,0,daa4b294,39135060857716743,⎛⎝≥⏝⏝≤⎠⎞     ⎛⎝≥⏝⏝≤⎠⎞    ⎛⎝≥⏝⏝≤⎠⎞    ⎛⎝≥⏝⏝≤⎠⎞    ⎛⎝≥⏝⏝≤⎠⎞   ⎛⎝≥⏝⏝≤⎠⎞
190.78,5,25,16740868,1601777203,0,148962d,39130249581559811,我不认识这俩字了
5.0,1,25,16777215,1601761436,0,d4cad060,39121983154159619,1200w喜报
36.666,1,25,16777215,1601742807,0,efc3644c,39112216321982467,殿堂曲（抖
79.16,1,25,16777215,1601717481,0,8492125f,39098938499268613,双手
115.896,5,25,13369971,1601717230,0,b3acfe5e,39098806931292167,普通的disco我们普通的摇
46.995,5,25,16776960,1601717159,0,b3acfe5e,39098769620336643,言： 普通的disco我们普通的摇
46.995,1,25,16777215,1601717150,0,b3acfe5e,39098764720340999,言： 普通的disco我们普通的摇
80.786,1,25,16777215,1601716769,0,af6225b5,39098564762140679,手  手
112.953,1,25,16777215,1601716184,0,c209a4f0,39098258109759493,(*￣3￣)╭♡
71.189,1,25,16777215,1601715368,0,b5f3aa87,39097830323781635,扑通扑通】
56.216,1,25,16777215,1601715353,0,b5f3aa87,39097822469423107,扑通噗通
22.206,1,25,16777215,1601715319,0,b5f3aa87,39097804650446855,我去这是15年的视频
72.511,1,25,16777215,1601715256,0,f7652ffe,39097771973672965,手
141.011,1,25,8700107,1601714364,0,79aaa2,39097304352817159,！！！
67.454,1,25,16777215,1601709799,0,6f7d7b96,39094910809276419,好!
145.192,5,25,16707842,1601708303,0,b601f610,39094126428815365,～(￣▽￣～)~
68.44,1,25,16777215,1601703944,0,4add1225,39091841005518853,ヾ(✿ﾟ▽ﾟ)ノ
149.353,1,25,6737151,1601693071,0,a96f8c16,39086140654354435,（ovo）
70.231,1,25,16777215,1601690966,0,dc76d09f,39085036963627011,好
75.3,1,25,16777215,1601686536,0,679d9c76,39082714257686531,手
74.385,1,25,16646914,1601686171,0,13c013e3,39082522939228165,爪爪
14.54,1,25,16777215,1601685534,0,e98b12c6,39082188936314883,洛神贺电！
85.197,1,25,16777215,1601648357,0,fce47b62,39062697642819587,ヽ(￣▽￣)ﾉヽ(￣▽￣)ﾉヽ(￣▽￣)ﾉ
21.52,5,25,16776960,1601647909,0,7fffe1e1,39062462437785607,普通传说
0.14,1,25,16776960,1601647886,0,7fffe1e1,39062450748260359,普通传说
79.747,1,25,16777215,1601641703,0,6f7d7b96,39059208635154437,＼（＠￣∇￣＠）／
67.17,1,25,16777215,1601641683,0,6f7d7b96,39059198428315653,好!
139.873,1,25,41194,1601633853,0,8ed639c9,39055093058764803,~\(≧▽≦)/~~\(≧▽≦)/~~\(≧▽≦)/~~\(≧▽≦)/~~\(≧▽≦)/~~\(≧▽≦)/~~\(≧▽≦)/~~\(≧▽≦)/~
74.093,1,25,41194,1601633784,0,8ed639c9,39055056919592963,~\(≧▽≦)/~~\(≧▽≦)/~~\(≧▽≦)/~~\(≧▽≦)/~~\(≧▽≦)/~~\(≧▽≦)/~~\(≧▽≦)/~~\(≧▽≦)/~
70.313,1,25,16777215,1601633772,0,8ed639c9,39055050577281027,~\(≧▽≦)/~~\(≧▽≦)/~~\(≧▽≦)/~~\(≧▽≦)/~~\(≧▽≦)/~~\(≧▽≦)/~~\(≧▽≦)/~~\(≧▽≦)/~
124.115,1,25,16777215,1601628926,0,bbebbc43,39052509974626307,举手手
85.027,1,25,16777215,1601628842,0,3575e445,39052465923948547,雨刮器
4.909,1,25,16777215,1601624487,0,243212c7,39050182522306563,耳机党已阵亡
18.422,1,25,15772458,1601621664,0,68e5c9b6,39048702470914051,好听
108.02,1,25,16777215,1601618677,0,d09ef419,39047136666451973,(〜￣▽￣)〜
5.1,1,25,16777215,1601610896,0,b594a1a3,39043057315217411,冲冲冲
71.109,5,25,15138834,1601609834,0,b46a3e01,39042500298539075,我的头
71.26,1,25,16777215,1601604902,0,68e5c9b6,39039914628087813,双手
82.433,1,25,16777215,1601602715,0,eda3e37e,39038767763292167,手
83.52,1,25,16777215,1601600112,0,b1459ab4,39037402891157509,手
15.022,1,25,16777215,1601562177,0,3e951c61,39017514100326405,再来亿遍
74.968,1,25,16777215,1601552070,0,6f7d7b96,39012215441850373,唔~!
72.091,1,25,16777215,1601552062,0,6f7d7b96,39012210912002051,手
71.032,1,25,16777215,1601547037,0,c1860dad,39009576554070021,好
87.345,1,25,15138834,1601545297,0,e48e0145,39008664478023687,▄▅▆▇█▇▆▅▄▄▅▆▇█▇▆▅▄▄▅▆▇█▇▅▄▄▅▆▇█▇▆▅▄▄▅▆▇█▇▆▅▄▄▅▆▇█▇▆▅▄▄▅▆▇█▇▆▅▄▄▅▆▇█▇▆▅▄▄▅▆▇█▇▆▅▄▄▅▆▇█▇▆▅▄▄▅▆▇█
77.705,1,25,16777215,1601545280,0,e48e0145,39008655383724039,▄▅▆▇█▇▆▅▄▄▅▆▇█▇▆▅▄▄▅▆▇█▇▅▄▄▅▆▇█▇▆▅▄▄▅▆▇█▇▆▅▄▄▅▆▇█▇▆▅▄▄▅▆▇█▇▆▅▄▄▅▆▇█▇▆▅▄▄▅▆▇█▇▆▅▄▄▅▆▇█▇▆▅▄▄▅▆▇█
1.105,1,25,16777215,1601535223,0,d540adfe,39003382856286211,1237万播放量合影
95.899,1,25,41194,1601530284,0,4be9561,39000793376358405,爪爪
90.837,1,25,16777215,1601521784,0,5cfe862c,38996336765304839,手
10.447,1,25,16777215,1601519018,0,fef3e492,38994886717865987,1230
34.011,1,25,16777215,1601505178,0,78ded9f1,38987630307704839,洛天依大人
80.305,1,25,16777215,1601464511,0,93c487da,38966309401657349,手
18.64,1,25,14811775,1601425918,0,27e5c8e7,38946075356168199,每日一刷
71.584,1,25,16777215,1601424865,0,cdd13b1f,38945523167133701,好好
77.753,1,25,16777215,1601398928,0,3cca7be0,38931924537835523,！！！
70.82,1,25,16777215,1601386940,0,912d8ad2,38925639680000005,ˋ( ° ▽、° )
66.762,1,25,16777215,1601386895,0,912d8ad2,38925615925559299,好~~~~~~~~~~~~~~~~~~~~~~~~~~~~~~~
55.5,1,25,16777215,1601385076,0,d65fc91,38924662346874883,堪比板娘
46.046,1,25,16777215,1601377669,0,ec613642,38920778978164741,nb
121.982,5,25,41194,1601375980,0,42990946,38919893603057669,普通x32
120.446,5,25,41194,1601375972,0,42990946,38919889070063619,普通x31
118.654,5,25,41194,1601375963,0,42990946,38919884779814919,普通x30
117.8,5,25,41194,1601375951,0,42990946,38919878406569989,普通x29
116.35,5,25,41194,1601375942,0,42990946,38919873606713347,普通x28
112.083,5,25,41194,1601375932,0,42990946,38919868443525127,普通x27
109.438,5,25,41194,1601375924,0,42990946,38919864040030215,普通x26
107.006,5,25,41194,1601375901,0,42990946,38919851747049477,普通x25
103.081,5,25,41194,1601375891,0,42990946,38919846719651843,普通x24
98.558,5,25,41194,1601375879,0,42990946,38919840609075203,普通x23
93.864,5,25,41194,1601375867,0,42990946,38919833907101701,普通x22
91.561,5,25,41194,1601375849,0,42990946,38919824880435205,普通x21
89.427,5,25,41194,1601375842,0,42990946,38919820801474565,普通x20
86.953,5,25,41194,1601375832,0,42990946,38919816103854083,普通x19
84.905,5,25,41194,1601375824,0,42990946,38919811683057671,普通x18
83.112,5,25,41194,1601375815,0,42990946,38919807113887751,普通x17
80.638,5,25,41194,1601375796,0,42990946,38919797153464327,普通x16
60.969,5,25,41194,1601375745,0,42990946,38919769996394503,普通x15
58.558,5,25,41194,1601375722,0,42990946,38919758345666563,普通x14
56.425,5,25,41194,1601375716,0,42990946,38919754858627079,普通x13
54.803,5,25,41194,1601375708,0,42990946,38919750793822211,普通x12
52.243,5,25,41194,1601375699,0,42990946,38919746012315651,普通x11
49.939,5,25,41194,1601375687,0,42990946,38919739737636867,普通x10
47.72,5,25,41194,1601375677,0,42990946,38919734430793735,普通x9
45.844,5,25,41194,1601375661,0,42990946,38919726002339843,普通x8
40.894,5,25,41194,1601375650,0,42990946,38919720246181891,普通x7
39.016,5,25,41194,1601375634,0,42990946,38919712005947399,普通x6
37.483,5,25,41194,1601375623,0,42990946,38919706162757639,普通x5
34.494,5,25,41194,1601375611,0,42990946,38919699945226245,普通x4
32.787,5,25,41194,1601375603,0,42990946,38919695907160069,普通x3
29.971,5,25,41194,1601375592,0,42990946,38919689808117763,普通x2
28.521,5,25,41194,1601375578,0,42990946,38919682900099077,普通x1
1.47,1,25,16777215,1601375539,0,42990946,38919662112079877,普通x1
171.102,1,25,16777215,1601370592,0,ce417f6c,38917068352389125,hhhhhhhhhhhhhhhhhhh
26.358,1,25,16777215,1601354093,0,48b9af68,38908418177105925,1240w冲冲冲
141.588,1,25,16777215,1601351263,0,c974d120,38906934594633733,6666666
66.979,1,25,16777215,1601345464,0,1bebc90b,38903894253240325,让我看到你们的猪手
13.219,1,25,16777215,1601345397,0,1bebc90b,38903858968657925,抖腿开始
5.98,5,25,15138834,1601343188,0,d6ad62dc,38902700899303427,这一首老歌还在撩动我心跳
70.898,1,25,16777215,1601312044,0,3beb58bd,38886372368449539,好
76.689,1,25,16777215,1601305985,0,fdf9900e,38883196062400515,手手
93.62,5,25,41194,1601301462,0,a21195ed,38880824365416451,爪子
46.3,1,25,41194,1601301405,0,a21195ed,38880794590576643,普普通通
80.539,1,25,16777215,1601287778,0,316b5439,38873650254315525,＼（＾∀＾）メ（＾∀＾）ノ
139.716,1,25,16777215,1601287623,0,37c8a3b3,38873569066221571,经费炸裂 这么多演员
140.793,1,25,15772458,1601273748,0,25c10fa6,38866294391963655,\(//∇//)\
9.683,1,25,16777215,1601222222,0,122cb893,38839280102014979,1235
95.187,5,25,41194,1601209911,0,a4ca9ee8,38832825454559239,(≧∇≦)/
75.22,1,25,41194,1601209889,0,a4ca9ee8,38832814145142789,(≧∇≦)/
77.927,1,25,16777215,1601203027,0,7a9f1328,38829216097107971,~\(≧▽≦)/~
90.295,1,25,16777215,1601144922,0,d6c2e352,38798752241680387,触手
75.873,1,25,16777215,1601133049,0,9304e18b,38792527514959875,芜湖
45.981,1,25,16777215,1601133019,0,9304e18b,38792511840845827,1234.9W
205.3,1,25,16777215,1601125703,0,b12d102d,38788676076437507,真普通
77.181,1,25,16777215,1601122900,0,c6980adc,38787206712131591,\(^o^)/~
16.579,1,25,16777215,1601122840,0,c6980adc,38787174936608771,弹幕。，。
97.606,1,25,16777215,1601106654,0,2f0fbb5c,38778688909082629,爪
2.145,5,25,15138834,1601105488,0,ea113e2b,38778077951557635,12345678贺电
70.678,1,25,16777215,1601093690,0,92f8b11d,38771892251262983,爪
42.905,1,25,16777215,1601091014,0,c8926cf7,38770489224593415,今日播放量1234.5
65.604,1,25,16777215,1601090640,0,e61d4787,38770292917534727,手
14.74,1,25,16777215,1601083811,0,b5d3f79f,38766712987844611,5000万播放
77.34,1,25,16777215,1601051980,0,c55edd20,38750024012660743,手
67.828,1,25,38979,1601049020,0,836abcb2,38748472023187461,让我好到你们的爪爪
77.455,1,25,16777215,1601041496,0,8e16ac73,38744527307014151,ヽ(￣▽￣)ﾉヽ(￣▽￣)ﾉヽ(￣▽￣)ﾉ
46.339,1,25,16777215,1600998233,0,c8f65352,38721845312618501,1234
61.651,1,25,16777215,1600972744,0,858eb6a7,38708481413873671,▄█▀█●给跪了
77.076,1,25,16777215,1600967502,0,b52145c1,38705733517705219,猪手
70.775,1,25,16777215,1600963743,0,d23492b2,38703762623168515,好
0.36,1,25,16737945,1600963738,0,1764b66e,38703759773138951,1234w贺电
24.98,1,25,16777215,1600946166,0,3ec790a5,38694547102892037,
20.161,1,25,16777215,1600943729,0,87e0921b,38693269451833347,QAQ画质感人
80.989,1,25,16777215,1600936553,0,9b77520d,38689507030073351,ヽ(^。^)ノ
138.192,1,25,16777215,1600932005,0,9e312f4d,38687122609143813,~\(≧▽≦)/~~\(≧▽≦)/~~\(≧▽≦)/~~\(≧▽≦)/~~\(≧▽≦)/~~\(≧▽≦)/~~\(≧▽≦)/~~\(≧▽≦)/~
128.283,1,25,16777215,1600931981,0,9e312f4d,38687110287851523,⎛⎝≥⏝⏝≤⎠⎞     ⎛⎝≥⏝⏝≤⎠⎞    ⎛⎝≥⏝⏝≤⎠⎞    ⎛⎝≥⏝⏝≤⎠⎞    ⎛⎝≥⏝⏝≤⎠⎞   ⎛⎝≥⏝⏝≤⎠⎞
78.285,1,25,16777215,1600928353,0,44e11a16,38685208164171779,手
68.672,1,25,16777215,1600928340,0,44e11a16,38685200909598725,好
79.518,1,25,16777215,1600882206,0,5302f9e,38661013873098755,手手
71.828,1,25,16777215,1600869010,0,3dd851c8,38654094929297413,٩( ๑╹ ꇴ╹)۶
76.387,1,25,16777215,1600865985,0,e61d4787,38652509322477573,手
141.164,1,25,16777215,1600835155,0,d37b7b8c,38636345535496197,下次一定
133.393,1,25,16777215,1600835148,0,d37b7b8c,38636341454438407,普通
73.577,4,25,15138834,1600788109,0,568b9803,38611679469633541,手
66.777,4,25,15138834,1600788102,0,568b9803,38611675906048005,好
75.835,1,25,16777215,1600787898,0,b52145c1,38611569170972741,手
67.829,1,25,16777215,1600787890,0,b52145c1,38611564979290115,好
51.959,1,25,16777215,1600759938,0,1bcdd1ac,38596910027636743,4930w留念
89.824,1,25,16777215,1600758455,0,bb98e8cf,38596132384800771,手
22.97,1,25,16777215,1600754729,0,f1846de0,38594178938568709,12333
84.27,1,25,16777215,1600743970,0,5d2f9ba5,38588538344177671,手手
77.517,1,25,16777215,1600720638,0,21d0e55a,38576305329930247,汪峰退出直播间
174.88,1,25,16777215,1600701355,0,dd997567,38566195526369283,ヾ ^_^♪
166.54,1,25,16777215,1600701328,0,dd997567,38566181720293379,٩(๑^o^๑)۶
35.768,1,25,16777215,1600693726,0,a4ea41b4,38562195834929159,2000万冲
118.375,1,25,16777215,1600675748,0,9d9c970b,38552770234023941,\(^-^)/
71.802,1,25,16777215,1600648689,0,4870b1e5,38538583507730435,好
78.048,1,25,9033215,1600604145,0,cd300662,38515229771956227,好着呢
120.578,1,25,16777215,1600590022,0,b0064765,38507825144528903,摇摇摇
85.557,1,25,16765698,1600588327,0,54fbc1fc,38506936420794437,猪手已经洗干净了（害羞）
40.894,1,25,16765698,1600588282,0,54fbc1fc,38506912993509381,才发现这歌我初中听过（狗头）
175.385,1,25,16777215,1600586329,0,47969e4c,38505888932167685,一千250W助攻
164.235,1,25,16777215,1600583941,0,ccbcf03,38504637026795523,动次打次
57.754,1,25,16777215,1600581510,0,fc895d02,38503362322235399,继续摇，继续舞
72.245,1,25,16777215,1600575896,0,4c7d6242,38500419128786951,好
80.869,1,25,16777215,1600568991,0,84cb8983,38496798722490373,双手
10.898,1,25,16777215,1600563158,0,758d6f68,38493740702105607,好听
83.678,1,25,16777215,1600532423,0,24e67a94,38477626848837635,手
72.215,1,25,16777215,1600525563,0,123dbef6,38474029989363719,好
73.158,1,25,16777215,1600522991,0,dd4c6162,38472681725624323,好
69.524,1,25,16777215,1600521744,0,626ee6b3,38472027860369415,好
46.867,5,25,15138834,1600521721,0,626ee6b3,38472015916564485,哈哈哈哈哈哈
129.539,5,25,16777215,1600520855,0,5def29d9,38471561717481479,\^O^/\^O^/\^O^/\^O^/\^O^/\^O^/
